"word","instance","correct"
"treat.v.bnc",24801,TRUE
"activate.v.bnc",1308739,TRUE
"different.a.bnc",44391,TRUE
"ask.v.bnc",6991,TRUE
"talk.v.bnc",81061,TRUE
"eat.v.bnc",31700,TRUE
"plan.n.bnc",59052,TRUE
"bank.n.bnc",69881,FALSE
"disc.n.bnc",221477,TRUE
"activate.v.bnc",709504,TRUE
"talk.v.bnc",42922,TRUE
"argument.n.bnc",135953,TRUE
"arm.n.bnc",71038,TRUE
"appear.v.bnc",44874,TRUE
"atmosphere.n.bnc",187614,TRUE
"disc.n.bnc",245825,TRUE
"disc.n.bnc",89812,TRUE
"difficulty.n.bnc",3816,TRUE
"hot.a.bnc",89123,TRUE
"disc.n.bnc",18297,TRUE
"interest.n.bnc",9343,TRUE
"degree.n.bnc",135731,FALSE
"bank.n.bnc",86435,TRUE
"climb.v.bnc",325798,FALSE
"ask.v.bnc",28003,TRUE
"talk.v.bnc",82487,TRUE
"shelter.n.bnc",851046,TRUE
"climb.v.bnc",297416,FALSE
"miss.v.bnc",34254,TRUE
"expect.v.bnc",22615,FALSE
"lose.v.bnc",2883,FALSE
"provide.v.bnc",28830,TRUE
"arm.n.bnc",78497,TRUE
"add.v.bnc",77346,TRUE
"provide.v.bnc",23984,TRUE
"talk.v.bnc",19578,TRUE
"paper.n.bnc",96165,TRUE
"organization.n.bnc",302846,TRUE
"bank.n.bnc",59146,TRUE
"sort.n.bnc",4996,TRUE
"party.n.bnc",63063,FALSE
"interest.n.bnc",15266,TRUE
"atmosphere.n.bnc",198372,TRUE
"provide.v.bnc",44882,TRUE
"degree.n.bnc",329576,FALSE
"arm.n.bnc",49369,FALSE
"disc.n.bnc",462246,FALSE
"activate.v.bnc",1768110,FALSE
"interest.n.bnc",79716,FALSE
"mean.v.bnc",15608,TRUE
"sort.n.bnc",68742,FALSE
"rule.v.bnc",112933,TRUE
"arm.n.bnc",41621,FALSE
"talk.v.bnc",28370,TRUE
"difference.n.bnc",7886,TRUE
"climb.v.bnc",154840,FALSE
"encounter.v.bnc",122439,FALSE
"activate.v.bnc",1279048,FALSE
"party.n.bnc",76242,TRUE
"atmosphere.n.bnc",57382,TRUE
"remain.v.bnc",12758,TRUE
"sort.n.bnc",39766,TRUE
"sort.n.bnc",43617,TRUE
"atmosphere.n.bnc",145106,TRUE
"image.n.bnc",34782,TRUE
"audience.n.bnc",136181,TRUE
"eat.v.bnc",25038,TRUE
"performance.n.bnc",15906,TRUE
"audience.n.bnc",56714,TRUE
"appear.v.bnc",15691,TRUE
"expect.v.bnc",29863,TRUE
"produce.v.bnc",53412,TRUE
"audience.n.bnc",56736,TRUE
"sort.n.bnc",65517,TRUE
"atmosphere.n.bnc",91034,TRUE
"smell.v.bnc",316236,TRUE
"begin.v.bnc",19778,FALSE
"paper.n.bnc",65097,TRUE
"interest.n.bnc",22786,TRUE
"mean.v.bnc",10538,FALSE
"suspend.v.bnc",226896,TRUE
"suspend.v.bnc",247649,TRUE
"difference.n.bnc",4141,TRUE
"plan.n.bnc",72419,TRUE
"appear.v.bnc",38560,TRUE
"arm.n.bnc",36922,TRUE
"arm.n.bnc",122695,FALSE
"audience.n.bnc",56234,FALSE
"arm.n.bnc",34847,TRUE
"treat.v.bnc",62543,TRUE
"party.n.bnc",8109,TRUE
"lose.v.bnc",13338,TRUE
"party.n.bnc",81625,TRUE
"degree.n.bnc",118314,FALSE
"party.n.bnc",72795,TRUE
"arm.n.bnc",87285,FALSE
"treat.v.bnc",32809,TRUE
"arm.n.bnc",88727,FALSE
"organization.n.bnc",128926,TRUE
"eat.v.bnc",145647,FALSE
"ask.v.bnc",4349,FALSE
"disc.n.bnc",140042,FALSE
"disc.n.bnc",464755,TRUE
"different.a.bnc",82,TRUE
"add.v.bnc",13309,TRUE
"party.n.bnc",47973,TRUE
"party.n.bnc",83389,TRUE
"eat.v.bnc",129271,TRUE
"decide.v.bnc",913,FALSE
"atmosphere.n.bnc",21839,TRUE
"provide.v.bnc",29149,FALSE
"different.a.bnc",2462,TRUE
"operate.v.bnc",45026,TRUE
"difference.n.bnc",69274,FALSE
"suspend.v.bnc",111501,TRUE
"add.v.bnc",134,TRUE
"difference.n.bnc",43790,TRUE
"talk.v.bnc",28349,TRUE
"shelter.n.bnc",643709,TRUE
"provide.v.bnc",22679,TRUE
"arm.n.bnc",46195,FALSE
"arm.n.bnc",87285,FALSE
"sort.n.bnc",22060,TRUE
"ask.v.bnc",37332,TRUE
"expect.v.bnc",6122,FALSE
"paper.n.bnc",47333,TRUE
"express.v.bnc",103361,TRUE
"image.n.bnc",120513,TRUE
"rule.v.bnc",98108,TRUE
"add.v.bnc",79536,TRUE
"judgment.n.bnc",247798,FALSE
"eat.v.bnc",36810,TRUE
"party.n.bnc",9174,TRUE
"miss.v.bnc",45559,FALSE
"degree.n.bnc",83661,TRUE
"audience.n.bnc",105176,TRUE
"add.v.bnc",14153,FALSE
"provide.v.bnc",417,TRUE
"paper.n.bnc",549,TRUE
"atmosphere.n.bnc",57632,FALSE
"mean.v.bnc",12635,TRUE
"judgment.n.bnc",487507,FALSE
"degree.n.bnc",92762,FALSE
"begin.v.bnc",39788,FALSE
"difference.n.bnc",122864,TRUE
"bank.n.bnc",85520,TRUE
"decide.v.bnc",52066,FALSE
"rule.v.bnc",229421,TRUE
"note.v.bnc",136898,TRUE
"miss.v.bnc",99948,TRUE
"win.v.bnc",34800,TRUE
"organization.n.bnc",164007,TRUE
"appear.v.bnc",1526,FALSE
"atmosphere.n.bnc",138490,TRUE
"difference.n.bnc",75755,TRUE
"expect.v.bnc",36900,TRUE
"hot.a.bnc",23225,TRUE
"ask.v.bnc",2236,TRUE
"appear.v.bnc",28076,FALSE
"express.v.bnc",214003,FALSE
"write.v.bnc",3132,TRUE
"different.a.bnc",24425,TRUE
"shelter.n.bnc",24873,TRUE
"disc.n.bnc",895636,TRUE
"eat.v.bnc",23165,FALSE
"difference.n.bnc",44025,FALSE
"organization.n.bnc",375564,FALSE
"appear.v.bnc",17088,TRUE
"express.v.bnc",205484,TRUE
"produce.v.bnc",14678,TRUE
"paper.n.bnc",39178,FALSE
"begin.v.bnc",37960,TRUE
"watch.v.bnc",48208,TRUE
"activate.v.bnc",2010632,TRUE
"audience.n.bnc",100474,TRUE
"sort.n.bnc",65517,FALSE
"sort.n.bnc",5436,FALSE
"hear.v.bnc",9488,TRUE
"disc.n.bnc",542415,TRUE
"degree.n.bnc",9284,FALSE
"expect.v.bnc",3953,FALSE
"interest.n.bnc",69357,FALSE
"sort.n.bnc",83060,TRUE
"sort.n.bnc",71758,TRUE
"solid.a.bnc",38038,TRUE
"argument.n.bnc",86644,TRUE
"note.v.bnc",163645,FALSE
"shelter.n.bnc",720923,FALSE
"begin.v.bnc",44339,TRUE
"paper.n.bnc",39772,FALSE
"begin.v.bnc",38777,TRUE
"argument.n.bnc",136018,FALSE
"lose.v.bnc",6805,TRUE
"eat.v.bnc",165823,FALSE
"mean.v.bnc",4957,TRUE
"begin.v.bnc",554,TRUE
"play.v.bnc",46181,FALSE
"produce.v.bnc",35316,TRUE
"encounter.v.bnc",554877,FALSE
"note.v.bnc",202719,TRUE
"eat.v.bnc",145940,FALSE
"shelter.n.bnc",361086,FALSE
"ask.v.bnc",18603,TRUE
"begin.v.bnc",18630,TRUE
"provide.v.bnc",2452,TRUE
"add.v.bnc",14566,FALSE
"begin.v.bnc",14865,TRUE
"activate.v.bnc",1767619,TRUE
"climb.v.bnc",179746,TRUE
"begin.v.bnc",9372,FALSE
"suspend.v.bnc",230267,TRUE
"express.v.bnc",130486,TRUE
"argument.n.bnc",147261,TRUE
"arm.n.bnc",57262,FALSE
"note.v.bnc",81177,TRUE
"begin.v.bnc",29736,TRUE
"audience.n.bnc",102940,TRUE
"provide.v.bnc",126,FALSE
"add.v.bnc",10914,TRUE
"atmosphere.n.bnc",13097,TRUE
"appear.v.bnc",13102,TRUE
"shelter.n.bnc",788307,TRUE
"note.v.bnc",96040,TRUE
"argument.n.bnc",71915,TRUE
"note.v.bnc",84812,TRUE
"performance.n.bnc",39072,TRUE
"degree.n.bnc",172760,TRUE
"activate.v.bnc",1899834,TRUE
"add.v.bnc",81819,TRUE
"write.v.bnc",1527,TRUE
"expect.v.bnc",74665,TRUE
"performance.n.bnc",67556,TRUE
"disc.n.bnc",600626,TRUE
"climb.v.bnc",287243,TRUE
"bank.n.bnc",53571,TRUE
"hear.v.bnc",19260,TRUE
"image.n.bnc",29960,TRUE
"note.v.bnc",116319,FALSE
"degree.n.bnc",223697,TRUE
"argument.n.bnc",151092,TRUE
"sort.n.bnc",3701,TRUE
"talk.v.bnc",91052,FALSE
"plan.n.bnc",62419,TRUE
"degree.n.bnc",9427,TRUE
"activate.v.bnc",617926,FALSE
"provide.v.bnc",43548,TRUE
"atmosphere.n.bnc",225207,FALSE
"paper.n.bnc",89619,TRUE
"plan.n.bnc",80092,TRUE
"plan.n.bnc",80022,FALSE
"arm.n.bnc",17076,TRUE
"watch.v.bnc",74506,TRUE
"produce.v.bnc",56290,FALSE
"arm.n.bnc",65391,TRUE
"important.a.bnc",5666,FALSE
"ask.v.bnc",13584,TRUE
"plan.n.bnc",61859,TRUE
"paper.n.bnc",30306,TRUE
"eat.v.bnc",80653,TRUE
"bank.n.bnc",23510,TRUE
"degree.n.bnc",202576,FALSE
"begin.v.bnc",30637,TRUE
"express.v.bnc",38789,TRUE
"shelter.n.bnc",770496,TRUE
"party.n.bnc",74238,FALSE
"sort.n.bnc",6920,TRUE
"appear.v.bnc",66483,FALSE
"sort.n.bnc",45183,FALSE
"degree.n.bnc",301149,FALSE
"important.a.bnc",5893,TRUE
"party.n.bnc",83394,FALSE
"ask.v.bnc",2773,TRUE
"ask.v.bnc",18094,TRUE
"party.n.bnc",77764,TRUE
"ask.v.bnc",25498,FALSE
"add.v.bnc",60947,TRUE
"begin.v.bnc",9593,FALSE
"interest.n.bnc",9341,FALSE
"add.v.bnc",62238,TRUE
"encounter.v.bnc",167540,TRUE
"difference.n.bnc",107579,TRUE
"rule.v.bnc",102678,FALSE
"important.a.bnc",28790,TRUE
"watch.v.bnc",56834,TRUE
"begin.v.bnc",24324,TRUE
"arm.n.bnc",56806,TRUE
"difficulty.n.bnc",3167,TRUE
"add.v.bnc",13721,FALSE
"image.n.bnc",3847,TRUE
"difference.n.bnc",75145,TRUE
"sort.n.bnc",16630,TRUE
"degree.n.bnc",141342,TRUE
"play.v.bnc",7405,TRUE
"activate.v.bnc",1206797,FALSE
"simple.a.bnc",16381,TRUE
"audience.n.bnc",103387,TRUE
"expect.v.bnc",28767,TRUE
"audience.n.bnc",68434,FALSE
"arm.n.bnc",37180,FALSE
"arm.n.bnc",32360,TRUE
"shelter.n.bnc",399929,TRUE
"begin.v.bnc",34915,TRUE
"degree.n.bnc",29602,TRUE
"plan.n.bnc",75592,TRUE
"paper.n.bnc",59941,FALSE
"party.n.bnc",39241,TRUE
"interest.n.bnc",571,TRUE
"arm.n.bnc",70984,TRUE
"interest.n.bnc",90901,TRUE
"party.n.bnc",8329,FALSE
"paper.n.bnc",37126,TRUE
"disc.n.bnc",895325,TRUE
"paper.n.bnc",68834,TRUE
"image.n.bnc",2992,FALSE
"argument.n.bnc",9507,FALSE
"shelter.n.bnc",271967,TRUE
"climb.v.bnc",59427,TRUE
"suspend.v.bnc",376703,TRUE
"mean.v.bnc",4400,TRUE
"provide.v.bnc",10874,FALSE
"activate.v.bnc",251499,TRUE
"begin.v.bnc",42129,TRUE
"talk.v.bnc",90107,TRUE
"atmosphere.n.bnc",19843,FALSE
"bank.n.bnc",116433,TRUE
"appear.v.bnc",65257,TRUE
"arm.n.bnc",64589,TRUE
"note.v.bnc",17930,TRUE
"talk.v.bnc",28020,FALSE
"arm.n.bnc",56571,TRUE
"audience.n.bnc",56207,FALSE
"shelter.n.bnc",399979,TRUE
"hear.v.bnc",4250,FALSE
"note.v.bnc",91998,TRUE
"play.v.bnc",47784,TRUE
"hear.v.bnc",400,TRUE
"interest.n.bnc",24209,TRUE
"activate.v.bnc",307829,TRUE
"degree.n.bnc",162546,TRUE
"suspend.v.bnc",432279,TRUE
"argument.n.bnc",106859,TRUE
"climb.v.bnc",59514,TRUE
"hot.a.bnc",16252,TRUE
"lose.v.bnc",64470,FALSE
"receive.v.bnc",53311,TRUE
"remain.v.bnc",9849,FALSE
"performance.n.bnc",57460,FALSE
"expect.v.bnc",62239,TRUE
"argument.n.bnc",60153,FALSE
"organization.n.bnc",259057,TRUE
"express.v.bnc",65314,FALSE
"difference.n.bnc",119175,TRUE
"difference.n.bnc",122868,FALSE
"important.a.bnc",1301,FALSE
"party.n.bnc",65310,FALSE
"remain.v.bnc",29679,FALSE
"wash.v.bnc",76622,TRUE
"remain.v.bnc",9832,FALSE
"ask.v.bnc",2174,FALSE
"express.v.bnc",96212,TRUE
"begin.v.bnc",36328,FALSE
"suspend.v.bnc",105857,FALSE
"simple.a.bnc",29079,TRUE
"bank.n.bnc",26907,TRUE
"shelter.n.bnc",24873,TRUE
"provide.v.bnc",13256,TRUE
"interest.n.bnc",4619,TRUE
"paper.n.bnc",2087,FALSE
"mean.v.bnc",5574,TRUE
"smell.v.bnc",621073,FALSE
"ask.v.bnc",37377,TRUE
"judgment.n.bnc",243041,TRUE
"plan.n.bnc",84262,TRUE
"express.v.bnc",2513,FALSE
"arm.n.bnc",49153,FALSE
"lose.v.bnc",34569,TRUE
"express.v.bnc",150615,TRUE
"image.n.bnc",98928,TRUE
"plan.n.bnc",58259,FALSE
"rule.v.bnc",214252,FALSE
"remain.v.bnc",47552,FALSE
"argument.n.bnc",55558,TRUE
"wash.v.bnc",323901,FALSE
"atmosphere.n.bnc",232626,TRUE
"degree.n.bnc",187322,FALSE
"talk.v.bnc",85521,TRUE
"eat.v.bnc",145653,TRUE
"produce.v.bnc",66842,TRUE
"hot.a.bnc",74624,TRUE
"difference.n.bnc",96763,FALSE
"audience.n.bnc",78962,FALSE
"disc.n.bnc",216894,TRUE
"difference.n.bnc",74225,TRUE
"smell.v.bnc",627244,FALSE
"encounter.v.bnc",462512,TRUE
"expect.v.bnc",72426,TRUE
"rule.v.bnc",94257,TRUE
"audience.n.bnc",129792,TRUE
"write.v.bnc",1555,TRUE
"eat.v.bnc",164899,FALSE
"hot.a.bnc",25202,TRUE
"receive.v.bnc",46614,TRUE
"activate.v.bnc",1064435,TRUE
"arm.n.bnc",49507,FALSE
"paper.n.bnc",39772,TRUE
"activate.v.bnc",953632,TRUE
"ask.v.bnc",7238,TRUE
"add.v.bnc",67172,FALSE
"decide.v.bnc",41483,TRUE
"atmosphere.n.bnc",106555,TRUE
"appear.v.bnc",17994,TRUE
"atmosphere.n.bnc",56978,TRUE
"difference.n.bnc",3274,TRUE
"degree.n.bnc",187729,TRUE
"sort.n.bnc",17610,FALSE
"bank.n.bnc",97926,TRUE
"hear.v.bnc",35881,FALSE
"expect.v.bnc",64260,TRUE
"degree.n.bnc",329576,FALSE
"produce.v.bnc",5731,TRUE
"atmosphere.n.bnc",109157,TRUE
"paper.n.bnc",29383,FALSE
"ask.v.bnc",22883,FALSE
"sort.n.bnc",3384,FALSE
"party.n.bnc",81206,FALSE
"write.v.bnc",1748,TRUE
"appear.v.bnc",55336,FALSE
"organization.n.bnc",259072,TRUE
"interest.n.bnc",62254,FALSE
"solid.a.bnc",37337,TRUE
"watch.v.bnc",98795,TRUE
"difference.n.bnc",47677,TRUE
"degree.n.bnc",217473,FALSE
"ask.v.bnc",28617,TRUE
"begin.v.bnc",9573,TRUE
"write.v.bnc",165,FALSE
"argument.n.bnc",25282,TRUE
"add.v.bnc",23809,TRUE
"encounter.v.bnc",646161,TRUE
"simple.a.bnc",4030,TRUE
"atmosphere.n.bnc",81337,TRUE
"performance.n.bnc",7683,FALSE
"activate.v.bnc",1450597,TRUE
"decide.v.bnc",39922,TRUE
"add.v.bnc",60898,TRUE
"bank.n.bnc",78203,FALSE
"play.v.bnc",3609,TRUE
"encounter.v.bnc",280127,FALSE
"wash.v.bnc",183052,TRUE
"climb.v.bnc",289242,FALSE
"activate.v.bnc",618998,FALSE
"image.n.bnc",92387,TRUE
"expect.v.bnc",5881,FALSE
"win.v.bnc",8267,TRUE
"activate.v.bnc",442716,TRUE
"note.v.bnc",126699,FALSE
"audience.n.bnc",55790,TRUE
"climb.v.bnc",93976,FALSE
"decide.v.bnc",45115,TRUE
"paper.n.bnc",9598,FALSE
"ask.v.bnc",28483,TRUE
"ask.v.bnc",14150,TRUE
"plan.n.bnc",64461,FALSE
"express.v.bnc",152832,TRUE
"plan.n.bnc",23504,TRUE
"audience.n.bnc",119963,FALSE
"performance.n.bnc",44684,TRUE
"appear.v.bnc",67384,TRUE
"climb.v.bnc",185969,TRUE
"operate.v.bnc",9140,FALSE
"expect.v.bnc",65869,FALSE
"image.n.bnc",39354,TRUE
"degree.n.bnc",69656,TRUE
"watch.v.bnc",33164,TRUE
"bank.n.bnc",177540,TRUE
"different.a.bnc",34554,TRUE
"receive.v.bnc",1657,TRUE
"argument.n.bnc",70360,TRUE
"source.n.bnc",3133,TRUE
"disc.n.bnc",216897,TRUE
"plan.n.bnc",54680,TRUE
"party.n.bnc",9108,FALSE
"decide.v.bnc",63765,FALSE
"audience.n.bnc",114789,FALSE
"performance.n.bnc",6962,FALSE
"produce.v.bnc",57721,TRUE
"sort.n.bnc",44741,TRUE
"degree.n.bnc",126692,TRUE
"different.a.bnc",4701,TRUE
"difficulty.n.bnc",47866,FALSE
"smell.v.bnc",39739,FALSE
"performance.n.bnc",68086,TRUE
"sort.n.bnc",28466,TRUE
"argument.n.bnc",123047,TRUE
"add.v.bnc",83170,TRUE
"sort.n.bnc",3830,TRUE
"arm.n.bnc",34113,TRUE
"disc.n.bnc",895293,TRUE
"treat.v.bnc",43783,TRUE
"talk.v.bnc",74046,FALSE
"interest.n.bnc",31776,TRUE
"image.n.bnc",66813,FALSE
"difference.n.bnc",29079,TRUE
"encounter.v.bnc",572672,TRUE
"treat.v.bnc",86293,TRUE
"party.n.bnc",74191,TRUE
"degree.n.bnc",66213,TRUE
"mean.v.bnc",16373,TRUE
"expect.v.bnc",67401,FALSE
"activate.v.bnc",931302,FALSE
"degree.n.bnc",29737,FALSE
"receive.v.bnc",52954,FALSE
"plan.n.bnc",85559,TRUE
"audience.n.bnc",136110,TRUE
"climb.v.bnc",60001,TRUE
"appear.v.bnc",24353,TRUE
"begin.v.bnc",24168,TRUE
"sort.n.bnc",64730,FALSE
"ask.v.bnc",22343,TRUE
"begin.v.bnc",18630,TRUE
"play.v.bnc",241,FALSE
"sort.n.bnc",79983,TRUE
"mean.v.bnc",1167,FALSE
"mean.v.bnc",20443,TRUE
"climb.v.bnc",60522,TRUE
"bank.n.bnc",13595,TRUE
"difference.n.bnc",123626,FALSE
"difference.n.bnc",126680,TRUE
"interest.n.bnc",64711,FALSE
"rule.v.bnc",205910,TRUE
"decide.v.bnc",34214,TRUE
"appear.v.bnc",60741,TRUE
"different.a.bnc",14140,FALSE
"express.v.bnc",54044,FALSE
"express.v.bnc",95618,TRUE
"degree.n.bnc",90260,TRUE
"begin.v.bnc",6984,FALSE
"provide.v.bnc",1104,TRUE
"eat.v.bnc",80823,TRUE
"activate.v.bnc",795259,TRUE
"remain.v.bnc",29592,FALSE
"disc.n.bnc",359476,TRUE
"smell.v.bnc",143745,TRUE
"ask.v.bnc",36090,TRUE
"smell.v.bnc",29806,TRUE
"appear.v.bnc",57338,TRUE
"difference.n.bnc",19055,TRUE
"climb.v.bnc",255849,TRUE
"mean.v.bnc",9666,TRUE
"talk.v.bnc",46856,TRUE
"degree.n.bnc",13516,FALSE
"ask.v.bnc",19378,TRUE
"judgment.n.bnc",236480,TRUE
"smell.v.bnc",375141,TRUE
"expect.v.bnc",16765,TRUE
"smell.v.bnc",195543,FALSE
"mean.v.bnc",5030,TRUE
"degree.n.bnc",141342,FALSE
"difference.n.bnc",123282,TRUE
"expect.v.bnc",63981,TRUE
"climb.v.bnc",15371,FALSE
"interest.n.bnc",5534,FALSE
"add.v.bnc",74923,TRUE
"paper.n.bnc",47048,TRUE
"solid.a.bnc",66053,FALSE
"appear.v.bnc",4792,TRUE
"expect.v.bnc",22236,TRUE
"atmosphere.n.bnc",128464,TRUE
"solid.a.bnc",87546,FALSE
"activate.v.bnc",50507,TRUE
"difference.n.bnc",65192,TRUE
"talk.v.bnc",28184,TRUE
"expect.v.bnc",9136,TRUE
"lose.v.bnc",75367,TRUE
"audience.n.bnc",79356,FALSE
"atmosphere.n.bnc",146289,FALSE
"difference.n.bnc",14479,FALSE
"plan.n.bnc",13449,FALSE
"difference.n.bnc",69268,TRUE
"plan.n.bnc",72429,FALSE
"arm.n.bnc",57610,FALSE
"atmosphere.n.bnc",74324,FALSE
"produce.v.bnc",12783,TRUE
"degree.n.bnc",79082,FALSE
"mean.v.bnc",4544,TRUE
"play.v.bnc",5190,TRUE
"play.v.bnc",1959,TRUE
"ask.v.bnc",16857,TRUE
"note.v.bnc",145428,TRUE
"interest.n.bnc",13263,FALSE
"interest.n.bnc",9356,TRUE
"bank.n.bnc",178159,FALSE
"suspend.v.bnc",100058,TRUE
"argument.n.bnc",68379,TRUE
"produce.v.bnc",30190,TRUE
"interest.n.bnc",571,TRUE
"difference.n.bnc",98001,TRUE
"degree.n.bnc",4753,TRUE
"express.v.bnc",188886,TRUE
"arm.n.bnc",56657,TRUE
"bank.n.bnc",28913,TRUE
"simple.a.bnc",16381,TRUE
"smell.v.bnc",628175,TRUE
"image.n.bnc",99660,TRUE
"bank.n.bnc",118888,TRUE
"add.v.bnc",38608,TRUE
"receive.v.bnc",52474,TRUE
"source.n.bnc",14477,FALSE
"plan.n.bnc",37621,TRUE
"interest.n.bnc",4121,FALSE
"atmosphere.n.bnc",249238,TRUE
"provide.v.bnc",8760,TRUE
"eat.v.bnc",153829,TRUE
"eat.v.bnc",1801,TRUE
"party.n.bnc",73385,TRUE
"note.v.bnc",134528,FALSE
"ask.v.bnc",36847,TRUE
"degree.n.bnc",180326,TRUE
"activate.v.bnc",2015487,TRUE
"shelter.n.bnc",726985,TRUE
"produce.v.bnc",50175,FALSE
"disc.n.bnc",895552,TRUE
"sort.n.bnc",44874,TRUE
"bank.n.bnc",106739,TRUE
"atmosphere.n.bnc",21839,TRUE
"degree.n.bnc",107237,TRUE
"performance.n.bnc",26144,FALSE
"party.n.bnc",74210,TRUE
"argument.n.bnc",16270,TRUE
"play.v.bnc",8953,TRUE
"paper.n.bnc",112858,FALSE
"shelter.n.bnc",52432,TRUE
"plan.n.bnc",52454,FALSE
"bank.n.bnc",125243,TRUE
"atmosphere.n.bnc",71999,FALSE
"talk.v.bnc",32569,FALSE
"rule.v.bnc",137943,TRUE
"performance.n.bnc",44642,TRUE
"rule.v.bnc",106814,TRUE
"appear.v.bnc",57073,FALSE
"hear.v.bnc",1777,TRUE
"different.a.bnc",11383,TRUE
"different.a.bnc",43611,TRUE
"note.v.bnc",151225,TRUE
"add.v.bnc",38608,FALSE
"interest.n.bnc",70146,TRUE
"express.v.bnc",143391,TRUE
"talk.v.bnc",37774,FALSE
"difference.n.bnc",101555,TRUE
"treat.v.bnc",134527,TRUE
"party.n.bnc",34080,FALSE
"decide.v.bnc",63343,TRUE
"source.n.bnc",20785,TRUE
"provide.v.bnc",24262,FALSE
"arm.n.bnc",36838,TRUE
"expect.v.bnc",17104,TRUE
"begin.v.bnc",18003,TRUE
"bank.n.bnc",125346,FALSE
"remain.v.bnc",55237,TRUE
"arm.n.bnc",116260,FALSE
"appear.v.bnc",9015,TRUE
"bank.n.bnc",100920,TRUE
"different.a.bnc",1855,TRUE
"activate.v.bnc",2013902,TRUE
"paper.n.bnc",33735,TRUE
"suspend.v.bnc",419220,TRUE
"talk.v.bnc",44537,TRUE
"difference.n.bnc",29995,TRUE
"appear.v.bnc",52827,FALSE
"produce.v.bnc",43815,TRUE
"eat.v.bnc",14543,TRUE
"arm.n.bnc",33435,TRUE
"eat.v.bnc",16969,TRUE
"party.n.bnc",73828,TRUE
"arm.n.bnc",115768,TRUE
"expect.v.bnc",74857,FALSE
"arm.n.bnc",97038,FALSE
"provide.v.bnc",44912,TRUE
"bank.n.bnc",101273,TRUE
"suspend.v.bnc",357111,TRUE
"degree.n.bnc",271380,TRUE
"activate.v.bnc",24693,TRUE
"activate.v.bnc",1199683,TRUE
"express.v.bnc",122702,FALSE
"rule.v.bnc",88873,FALSE
"audience.n.bnc",57608,TRUE
"receive.v.bnc",52380,FALSE
"paper.n.bnc",92401,FALSE
"interest.n.bnc",80374,FALSE
"difficulty.n.bnc",69501,TRUE
"bank.n.bnc",26897,TRUE
"provide.v.bnc",44526,TRUE
"miss.v.bnc",45285,TRUE
"arm.n.bnc",105135,TRUE
"produce.v.bnc",65103,FALSE
"image.n.bnc",44391,FALSE
"appear.v.bnc",66424,TRUE
"suspend.v.bnc",230267,FALSE
"watch.v.bnc",33839,FALSE
"degree.n.bnc",121690,TRUE
"add.v.bnc",66143,FALSE
"image.n.bnc",37227,TRUE
"interest.n.bnc",61375,TRUE
"degree.n.bnc",185001,FALSE
"sort.n.bnc",20021,TRUE
"source.n.bnc",28836,TRUE
"bank.n.bnc",145443,FALSE
"argument.n.bnc",150599,FALSE
"add.v.bnc",14153,TRUE
"encounter.v.bnc",280127,FALSE
"receive.v.bnc",1380,TRUE
"eat.v.bnc",138645,TRUE
"win.v.bnc",64083,TRUE
"atmosphere.n.bnc",158272,TRUE
"difference.n.bnc",44178,FALSE
"argument.n.bnc",74516,FALSE
"organization.n.bnc",132478,FALSE
"disc.n.bnc",50292,FALSE
"hear.v.bnc",34435,FALSE
"argument.n.bnc",116180,TRUE
"bank.n.bnc",90257,FALSE
"shelter.n.bnc",550753,TRUE
"party.n.bnc",77808,TRUE
"activate.v.bnc",975929,TRUE
"party.n.bnc",62692,TRUE
"difficulty.n.bnc",3816,FALSE
"add.v.bnc",38708,TRUE
"expect.v.bnc",35535,TRUE
"remain.v.bnc",1630,FALSE
"treat.v.bnc",50437,TRUE
"judgment.n.bnc",243041,TRUE
"encounter.v.bnc",675876,FALSE
"sort.n.bnc",8179,TRUE
"express.v.bnc",163981,TRUE
"party.n.bnc",83394,TRUE
"miss.v.bnc",111195,TRUE
"watch.v.bnc",42169,FALSE
"activate.v.bnc",651647,FALSE
"appear.v.bnc",38560,TRUE
"activate.v.bnc",2014015,TRUE
"rule.v.bnc",214156,TRUE
"produce.v.bnc",8245,TRUE
"activate.v.bnc",455954,FALSE
"atmosphere.n.bnc",36501,TRUE
"use.v.bnc",19426,TRUE
"hear.v.bnc",34769,TRUE
"arm.n.bnc",97038,FALSE
"hot.a.bnc",75375,TRUE
"bank.n.bnc",116357,TRUE
"activate.v.bnc",619023,FALSE
"audience.n.bnc",5652,FALSE
"party.n.bnc",15705,TRUE
"ask.v.bnc",10390,TRUE
"express.v.bnc",4792,TRUE
"appear.v.bnc",5223,FALSE
"paper.n.bnc",102036,TRUE
"begin.v.bnc",9576,FALSE
"provide.v.bnc",28726,TRUE
"express.v.bnc",211983,FALSE
"lose.v.bnc",64711,FALSE
"expect.v.bnc",55315,TRUE
"important.a.bnc",5508,TRUE
"smell.v.bnc",427986,TRUE
"climb.v.bnc",25346,FALSE
"remain.v.bnc",8249,FALSE
"performance.n.bnc",15208,TRUE
"bank.n.bnc",124705,TRUE
"ask.v.bnc",40287,TRUE
"argument.n.bnc",81362,TRUE
"produce.v.bnc",53738,TRUE
"difference.n.bnc",70706,TRUE
"climb.v.bnc",187139,TRUE
"watch.v.bnc",85521,TRUE
"image.n.bnc",38319,TRUE
"atmosphere.n.bnc",156417,TRUE
"difference.n.bnc",29004,TRUE
"different.a.bnc",28701,TRUE
"remain.v.bnc",29722,FALSE
"atmosphere.n.bnc",157294,FALSE
"remain.v.bnc",58049,TRUE
"degree.n.bnc",139496,TRUE
"plan.n.bnc",13469,TRUE
"talk.v.bnc",11079,TRUE
"sort.n.bnc",7905,FALSE
"watch.v.bnc",41640,TRUE
"disc.n.bnc",184786,FALSE
"difference.n.bnc",121400,TRUE
"talk.v.bnc",45776,TRUE
"smell.v.bnc",18122,TRUE
"difficulty.n.bnc",69284,TRUE
"audience.n.bnc",71941,FALSE
"remain.v.bnc",8495,TRUE
"paper.n.bnc",27863,FALSE
"watch.v.bnc",95515,TRUE
"watch.v.bnc",42162,FALSE
"degree.n.bnc",172760,FALSE
"eat.v.bnc",28152,TRUE
"expect.v.bnc",75847,FALSE
"difference.n.bnc",43720,TRUE
"use.v.bnc",707,TRUE
"degree.n.bnc",156502,FALSE
"climb.v.bnc",22938,FALSE
"produce.v.bnc",48692,FALSE
"begin.v.bnc",20101,TRUE
"decide.v.bnc",70291,TRUE
"add.v.bnc",67086,TRUE
"interest.n.bnc",67508,FALSE
"audience.n.bnc",56871,TRUE
"add.v.bnc",11632,FALSE
"note.v.bnc",5095,FALSE
"watch.v.bnc",40396,TRUE
"difference.n.bnc",119299,FALSE
"shelter.n.bnc",412142,TRUE
"argument.n.bnc",116180,TRUE
"audience.n.bnc",83205,TRUE
"decide.v.bnc",66978,TRUE
"argument.n.bnc",69461,FALSE
"ask.v.bnc",14097,TRUE
"add.v.bnc",41012,TRUE
"encounter.v.bnc",122080,TRUE
"decide.v.bnc",2097,TRUE
"write.v.bnc",3180,TRUE
"begin.v.bnc",35165,TRUE
"climb.v.bnc",59427,TRUE
"operate.v.bnc",14298,TRUE
"organization.n.bnc",9457,FALSE
"watch.v.bnc",85521,FALSE
"bank.n.bnc",73830,TRUE
"organization.n.bnc",302846,FALSE
"suspend.v.bnc",324593,FALSE
"ask.v.bnc",12619,FALSE
"arm.n.bnc",49400,TRUE
"argument.n.bnc",43947,TRUE
"hear.v.bnc",5417,TRUE
"argument.n.bnc",147345,TRUE
"remain.v.bnc",36371,FALSE
"watch.v.bnc",45370,FALSE
"solid.a.bnc",35070,TRUE
"difference.n.bnc",126800,FALSE
"arm.n.bnc",109927,TRUE
"bank.n.bnc",57998,TRUE
"paper.n.bnc",50614,TRUE
"argument.n.bnc",84443,FALSE
"provide.v.bnc",44888,TRUE
"note.v.bnc",121759,TRUE
"arm.n.bnc",42653,TRUE
"activate.v.bnc",935123,FALSE
"difference.n.bnc",69564,FALSE
"remain.v.bnc",8415,FALSE
"play.v.bnc",46250,TRUE
"argument.n.bnc",127125,FALSE
"sort.n.bnc",2375,TRUE
"encounter.v.bnc",562168,TRUE
"difference.n.bnc",43790,FALSE
"bank.n.bnc",79590,FALSE
"provide.v.bnc",13151,TRUE
"arm.n.bnc",84416,FALSE
"argument.n.bnc",2992,TRUE
"atmosphere.n.bnc",217114,TRUE
"use.v.bnc",2726,TRUE
"appear.v.bnc",15902,TRUE
"decide.v.bnc",40315,FALSE
"climb.v.bnc",59390,TRUE
"begin.v.bnc",553,FALSE
"party.n.bnc",38542,TRUE
"paper.n.bnc",37201,TRUE
"activate.v.bnc",660201,TRUE
"add.v.bnc",67129,FALSE
"activate.v.bnc",1597373,TRUE
"eat.v.bnc",96253,TRUE
"ask.v.bnc",28165,TRUE
"appear.v.bnc",56306,FALSE
"difference.n.bnc",71485,TRUE
"ask.v.bnc",7001,TRUE
"provide.v.bnc",126,TRUE
"activate.v.bnc",945684,TRUE
"note.v.bnc",3042,TRUE
"performance.n.bnc",48616,TRUE
"add.v.bnc",24542,FALSE
"difference.n.bnc",101537,TRUE
"different.a.bnc",3611,TRUE
"treat.v.bnc",121041,TRUE
"receive.v.bnc",14734,FALSE
"suspend.v.bnc",290181,TRUE
"begin.v.bnc",8477,FALSE
"arm.n.bnc",55839,TRUE
"audience.n.bnc",58345,TRUE
"argument.n.bnc",101579,FALSE
"hot.a.bnc",125209,TRUE
"encounter.v.bnc",120976,TRUE
"organization.n.bnc",129316,TRUE
"organization.n.bnc",259072,TRUE
"paper.n.bnc",37072,TRUE
"miss.v.bnc",115748,TRUE
"shelter.n.bnc",758367,FALSE
"note.v.bnc",129298,TRUE
"performance.n.bnc",67976,TRUE
"eat.v.bnc",42665,FALSE
"arm.n.bnc",8679,FALSE
"begin.v.bnc",30264,TRUE
"win.v.bnc",5504,TRUE
"judgment.n.bnc",565107,TRUE
"suspend.v.bnc",268681,FALSE
"difficulty.n.bnc",2943,TRUE
"add.v.bnc",39863,TRUE
"argument.n.bnc",76693,TRUE
"argument.n.bnc",43771,TRUE
"performance.n.bnc",87713,TRUE
"lose.v.bnc",10353,FALSE
"image.n.bnc",39142,FALSE
"ask.v.bnc",35966,TRUE
"activate.v.bnc",312935,TRUE
"party.n.bnc",8655,TRUE
"ask.v.bnc",14150,TRUE
"encounter.v.bnc",306012,TRUE
"image.n.bnc",100081,TRUE
"performance.n.bnc",48876,TRUE
"appear.v.bnc",64602,FALSE
"different.a.bnc",49084,TRUE
"paper.n.bnc",94525,TRUE
"performance.n.bnc",6982,FALSE
"appear.v.bnc",55932,FALSE
"sort.n.bnc",23783,TRUE
"sort.n.bnc",19464,TRUE
"image.n.bnc",40264,TRUE
"hear.v.bnc",5349,FALSE
"degree.n.bnc",26994,FALSE
"interest.n.bnc",25660,FALSE
"add.v.bnc",42375,FALSE
"shelter.n.bnc",321855,FALSE
"bank.n.bnc",84067,TRUE
"image.n.bnc",44394,FALSE
"party.n.bnc",8097,FALSE
"suspend.v.bnc",460948,TRUE
"play.v.bnc",42268,TRUE
"paper.n.bnc",107025,TRUE
"shelter.n.bnc",77157,FALSE
"appear.v.bnc",54388,TRUE
"shelter.n.bnc",851046,TRUE
"suspend.v.bnc",5278,TRUE
"appear.v.bnc",8073,TRUE
"begin.v.bnc",9575,TRUE
"hot.a.bnc",125830,FALSE
"add.v.bnc",38507,TRUE
"talk.v.bnc",80406,TRUE
"note.v.bnc",185963,TRUE
"difference.n.bnc",92289,TRUE
"arm.n.bnc",84010,TRUE
"appear.v.bnc",64590,FALSE
"decide.v.bnc",58452,TRUE
"performance.n.bnc",67309,TRUE
"judgment.n.bnc",219875,FALSE
"expect.v.bnc",5393,TRUE
"paper.n.bnc",89619,FALSE
"appear.v.bnc",29559,TRUE
"image.n.bnc",47890,TRUE
"express.v.bnc",53765,TRUE
"begin.v.bnc",9571,TRUE
"organization.n.bnc",343218,TRUE
"organization.n.bnc",128922,FALSE
"arm.n.bnc",83701,FALSE
"hear.v.bnc",17987,FALSE
"talk.v.bnc",46554,FALSE
"disc.n.bnc",542909,FALSE
"remain.v.bnc",1651,TRUE
"hot.a.bnc",32313,TRUE
"add.v.bnc",81248,TRUE
"begin.v.bnc",39860,TRUE
"atmosphere.n.bnc",137754,FALSE
"climb.v.bnc",166112,TRUE
"performance.n.bnc",79851,FALSE
"decide.v.bnc",20206,FALSE
"climb.v.bnc",59431,TRUE
"bank.n.bnc",823,TRUE
"appear.v.bnc",67408,FALSE
"ask.v.bnc",29517,TRUE
"audience.n.bnc",56792,TRUE
"paper.n.bnc",34262,FALSE
"mean.v.bnc",10537,FALSE
"activate.v.bnc",1919637,TRUE
"mean.v.bnc",4106,TRUE
"image.n.bnc",65777,TRUE
"operate.v.bnc",5999,TRUE
"degree.n.bnc",132539,FALSE
"audience.n.bnc",136163,TRUE
"degree.n.bnc",139496,TRUE
"party.n.bnc",65595,TRUE
"encounter.v.bnc",58585,TRUE
"encounter.v.bnc",513835,TRUE
"image.n.bnc",66831,FALSE
"encounter.v.bnc",490577,FALSE
"different.a.bnc",48415,FALSE
"shelter.n.bnc",255475,TRUE
"different.a.bnc",14526,TRUE
"bank.n.bnc",142872,TRUE
"bank.n.bnc",97132,TRUE
"disc.n.bnc",895219,FALSE
"party.n.bnc",40931,TRUE
"difference.n.bnc",5508,TRUE
"suspend.v.bnc",457782,FALSE
"rule.v.bnc",194883,FALSE
"note.v.bnc",210408,TRUE
"eat.v.bnc",99159,TRUE
"express.v.bnc",40031,TRUE
"image.n.bnc",100081,TRUE
"smell.v.bnc",633753,TRUE
"activate.v.bnc",2014009,TRUE
"argument.n.bnc",117778,TRUE
"sort.n.bnc",15365,TRUE
"disc.n.bnc",677491,TRUE
"different.a.bnc",5372,FALSE
"paper.n.bnc",40884,TRUE
"organization.n.bnc",29633,TRUE
"remain.v.bnc",4324,TRUE
"express.v.bnc",217879,FALSE
"argument.n.bnc",29778,TRUE
"add.v.bnc",22871,TRUE
"note.v.bnc",133131,TRUE
"climb.v.bnc",226254,TRUE
"expect.v.bnc",74740,TRUE
"performance.n.bnc",68015,TRUE
"performance.n.bnc",63647,TRUE
"decide.v.bnc",12018,FALSE
"talk.v.bnc",70896,TRUE
"activate.v.bnc",1204487,TRUE
"appear.v.bnc",54010,FALSE
"argument.n.bnc",87652,TRUE
"note.v.bnc",34554,TRUE
"add.v.bnc",65618,TRUE
"ask.v.bnc",17674,FALSE
"smell.v.bnc",64665,TRUE
"plan.n.bnc",30049,TRUE
"difference.n.bnc",45217,FALSE
"note.v.bnc",57037,TRUE
"express.v.bnc",204154,FALSE
"appear.v.bnc",64601,TRUE
"organization.n.bnc",259057,TRUE
"audience.n.bnc",85772,TRUE
"treat.v.bnc",68573,FALSE
"climb.v.bnc",42637,TRUE
"ask.v.bnc",19625,FALSE
"smell.v.bnc",390843,FALSE
"image.n.bnc",118393,FALSE
"remain.v.bnc",58049,FALSE
"climb.v.bnc",54229,TRUE
"encounter.v.bnc",757693,FALSE
"express.v.bnc",43933,FALSE
"shelter.n.bnc",25032,TRUE
"treat.v.bnc",5025,TRUE
"suspend.v.bnc",292260,TRUE
"suspend.v.bnc",88780,TRUE
"suspend.v.bnc",267756,TRUE
"note.v.bnc",9210,FALSE
"eat.v.bnc",20668,TRUE
"shelter.n.bnc",162341,TRUE
"begin.v.bnc",17896,FALSE
"watch.v.bnc",36827,TRUE
"paper.n.bnc",84966,TRUE
"remain.v.bnc",6120,FALSE
"expect.v.bnc",59754,TRUE
"paper.n.bnc",95176,TRUE
"add.v.bnc",13575,FALSE
"arm.n.bnc",49578,TRUE
"express.v.bnc",117468,TRUE
"arm.n.bnc",5894,FALSE
"climb.v.bnc",25980,TRUE
"expect.v.bnc",28767,TRUE
"plan.n.bnc",87520,TRUE
"use.v.bnc",707,TRUE
"eat.v.bnc",124508,FALSE
"disc.n.bnc",61814,TRUE
"appear.v.bnc",8984,TRUE
"ask.v.bnc",4946,TRUE
"expect.v.bnc",3148,FALSE
"judgment.n.bnc",423889,TRUE
"arm.n.bnc",56584,TRUE
"treat.v.bnc",52546,TRUE
"talk.v.bnc",42210,TRUE
"paper.n.bnc",6927,FALSE
"write.v.bnc",3339,FALSE
"win.v.bnc",50166,TRUE
"provide.v.bnc",34632,TRUE
"treat.v.bnc",119719,TRUE
"bank.n.bnc",124688,FALSE
"degree.n.bnc",69621,TRUE
"wash.v.bnc",186422,FALSE
"watch.v.bnc",82013,TRUE
"remain.v.bnc",30355,FALSE
"hot.a.bnc",31787,TRUE
"bank.n.bnc",78202,TRUE
"appear.v.bnc",59827,FALSE
"argument.n.bnc",94709,TRUE
"disc.n.bnc",895548,TRUE
"degree.n.bnc",157587,TRUE
"suspend.v.bnc",230590,FALSE
"add.v.bnc",61208,TRUE
"argument.n.bnc",2977,TRUE
"bank.n.bnc",111977,TRUE
"note.v.bnc",120983,TRUE
"party.n.bnc",77858,TRUE
"solid.a.bnc",87316,TRUE
"remain.v.bnc",14967,TRUE
"organization.n.bnc",129316,TRUE
"bank.n.bnc",116242,TRUE
"eat.v.bnc",165967,TRUE
"expect.v.bnc",38227,FALSE
"add.v.bnc",81848,TRUE
"add.v.bnc",47961,TRUE
"interest.n.bnc",25687,TRUE
"different.a.bnc",3428,FALSE
"operate.v.bnc",1141,FALSE
"plan.n.bnc",74892,TRUE
"encounter.v.bnc",489035,TRUE
"different.a.bnc",3088,TRUE
"remain.v.bnc",29503,TRUE
"mean.v.bnc",625,TRUE
"image.n.bnc",18505,TRUE
"arm.n.bnc",34603,TRUE
"bank.n.bnc",97928,FALSE
"shelter.n.bnc",679613,TRUE
"note.v.bnc",53731,FALSE
"argument.n.bnc",113021,TRUE
"paper.n.bnc",29580,FALSE
"rule.v.bnc",228390,TRUE
"eat.v.bnc",160721,TRUE
"audience.n.bnc",7031,TRUE
"provide.v.bnc",28975,FALSE
"produce.v.bnc",29196,TRUE
"shelter.n.bnc",96830,TRUE
"provide.v.bnc",26826,TRUE
"interest.n.bnc",5750,TRUE
"sort.n.bnc",70870,TRUE
"suspend.v.bnc",268101,TRUE
"treat.v.bnc",82185,TRUE
"organization.n.bnc",19761,TRUE
"disc.n.bnc",600496,TRUE
"party.n.bnc",60203,FALSE
"plan.n.bnc",61246,TRUE
"arm.n.bnc",72298,TRUE
"degree.n.bnc",64108,FALSE
"wash.v.bnc",186546,FALSE
"eat.v.bnc",154190,TRUE
"write.v.bnc",6991,TRUE
"hot.a.bnc",59595,TRUE
"eat.v.bnc",166375,TRUE
"win.v.bnc",34533,TRUE
"bank.n.bnc",117438,TRUE
"encounter.v.bnc",4336,TRUE
"remain.v.bnc",29727,TRUE
"hot.a.bnc",103697,FALSE
"performance.n.bnc",5651,TRUE
"degree.n.bnc",205116,TRUE
"begin.v.bnc",36751,TRUE
"receive.v.bnc",52380,TRUE
"hear.v.bnc",20179,TRUE
"wash.v.bnc",323012,TRUE
"talk.v.bnc",18094,FALSE
"provide.v.bnc",24466,FALSE
"disc.n.bnc",115619,FALSE
"mean.v.bnc",9656,TRUE
"play.v.bnc",48014,TRUE
"appear.v.bnc",59590,TRUE
"image.n.bnc",98949,TRUE
"appear.v.bnc",2174,TRUE
"degree.n.bnc",156671,FALSE
"treat.v.bnc",13322,TRUE
"produce.v.bnc",12797,TRUE
"ask.v.bnc",16250,TRUE
"paper.n.bnc",6690,TRUE
"ask.v.bnc",22203,TRUE
"climb.v.bnc",45564,FALSE
"activate.v.bnc",938095,TRUE
"judgment.n.bnc",564660,TRUE
"difference.n.bnc",35336,FALSE
"paper.n.bnc",94525,TRUE
"encounter.v.bnc",114349,TRUE
"activate.v.bnc",509400,TRUE
"ask.v.bnc",29543,FALSE
"bank.n.bnc",76998,TRUE
"difference.n.bnc",22436,TRUE
"remain.v.bnc",55175,FALSE
"note.v.bnc",174127,TRUE
"degree.n.bnc",297177,TRUE
"treat.v.bnc",19169,TRUE
"source.n.bnc",49817,FALSE
"begin.v.bnc",18460,TRUE
"watch.v.bnc",40395,TRUE
"appear.v.bnc",36581,TRUE
"eat.v.bnc",145001,TRUE
"atmosphere.n.bnc",2573,FALSE
"sort.n.bnc",70308,FALSE
"produce.v.bnc",5975,TRUE
"shelter.n.bnc",390474,TRUE
"talk.v.bnc",52069,FALSE
"judgment.n.bnc",547767,TRUE
"climb.v.bnc",15371,TRUE
"expect.v.bnc",59971,FALSE
"degree.n.bnc",307047,TRUE
"produce.v.bnc",50185,FALSE
"interest.n.bnc",76192,FALSE
"play.v.bnc",5190,TRUE
"sort.n.bnc",65453,TRUE
"wash.v.bnc",321296,FALSE
"arm.n.bnc",81477,TRUE
"express.v.bnc",128417,TRUE
"atmosphere.n.bnc",119780,TRUE
"encounter.v.bnc",114349,TRUE
"paper.n.bnc",31640,TRUE
"image.n.bnc",101323,TRUE
"degree.n.bnc",69669,FALSE
"sort.n.bnc",2426,TRUE
"degree.n.bnc",58624,FALSE
"interest.n.bnc",68575,TRUE
"performance.n.bnc",62154,TRUE
"treat.v.bnc",23196,TRUE
"difference.n.bnc",103672,TRUE
"interest.n.bnc",40856,FALSE
"lose.v.bnc",16408,FALSE
"appear.v.bnc",38931,FALSE
"degree.n.bnc",101634,TRUE
"provide.v.bnc",1248,TRUE
"arm.n.bnc",46310,TRUE
"remain.v.bnc",14016,TRUE
"audience.n.bnc",5652,TRUE
"image.n.bnc",66921,TRUE
"bank.n.bnc",51925,FALSE
"provide.v.bnc",9253,FALSE
"provide.v.bnc",27874,TRUE
"smell.v.bnc",554375,FALSE
"appear.v.bnc",4276,TRUE
"encounter.v.bnc",543028,FALSE
"miss.v.bnc",17518,TRUE
"argument.n.bnc",64888,TRUE
"expect.v.bnc",19378,FALSE
"remain.v.bnc",24527,TRUE
"expect.v.bnc",9369,FALSE
"party.n.bnc",56052,TRUE
"difference.n.bnc",66879,TRUE
"hear.v.bnc",7749,FALSE
"mean.v.bnc",19270,TRUE
"party.n.bnc",77763,TRUE
"audience.n.bnc",98381,FALSE
"ask.v.bnc",22142,FALSE
"interest.n.bnc",23509,TRUE
"produce.v.bnc",29885,TRUE
"organization.n.bnc",158641,FALSE
"lose.v.bnc",5279,FALSE
"ask.v.bnc",35513,TRUE
"suspend.v.bnc",294244,TRUE
"degree.n.bnc",29737,TRUE
"ask.v.bnc",22137,TRUE
"party.n.bnc",80668,TRUE
"note.v.bnc",130793,FALSE
"arm.n.bnc",78497,TRUE
"plan.n.bnc",61246,FALSE
"plan.n.bnc",85569,TRUE
"difference.n.bnc",11730,FALSE
"appear.v.bnc",3366,FALSE
"party.n.bnc",78413,FALSE
"wash.v.bnc",28300,TRUE
"smell.v.bnc",592988,FALSE
"appear.v.bnc",21279,TRUE
"organization.n.bnc",376801,TRUE
"paper.n.bnc",85337,TRUE
"plan.n.bnc",37748,FALSE
"interest.n.bnc",73594,TRUE
"treat.v.bnc",121494,TRUE
"simple.a.bnc",9391,TRUE
"mean.v.bnc",7074,TRUE
"judgment.n.bnc",487561,TRUE
"win.v.bnc",50697,TRUE
"sort.n.bnc",46159,TRUE
"different.a.bnc",32820,TRUE
"talk.v.bnc",10147,TRUE
"plan.n.bnc",74461,TRUE
"talk.v.bnc",74046,TRUE
"express.v.bnc",117369,TRUE
"atmosphere.n.bnc",117497,FALSE
"ask.v.bnc",19417,FALSE
"different.a.bnc",44461,TRUE
"disc.n.bnc",895325,TRUE
"begin.v.bnc",28211,TRUE
"party.n.bnc",9165,TRUE
"add.v.bnc",24894,FALSE
"decide.v.bnc",51719,TRUE
"play.v.bnc",47909,TRUE
"atmosphere.n.bnc",150772,TRUE
"smell.v.bnc",291738,TRUE
"shelter.n.bnc",642627,TRUE
"difference.n.bnc",14479,FALSE
"difference.n.bnc",57322,TRUE
"difficulty.n.bnc",49906,TRUE
"bank.n.bnc",51926,TRUE
"paper.n.bnc",31640,TRUE
"talk.v.bnc",51757,TRUE
"paper.n.bnc",36554,FALSE
"paper.n.bnc",107445,TRUE
"decide.v.bnc",40315,FALSE
"decide.v.bnc",57050,TRUE
"plan.n.bnc",72429,FALSE
"different.a.bnc",44280,TRUE
"ask.v.bnc",8747,TRUE
"appear.v.bnc",8581,TRUE
"bank.n.bnc",156359,TRUE
"plan.n.bnc",13307,TRUE
"arm.n.bnc",49363,TRUE
"image.n.bnc",76236,TRUE
"eat.v.bnc",93387,TRUE
"mean.v.bnc",7111,TRUE
"bank.n.bnc",75882,TRUE
"begin.v.bnc",11007,FALSE
"note.v.bnc",213882,TRUE
"paper.n.bnc",109352,TRUE
"argument.n.bnc",68337,TRUE
"expect.v.bnc",21571,TRUE
"decide.v.bnc",63593,TRUE
"encounter.v.bnc",462674,TRUE
"wash.v.bnc",45982,TRUE
"organization.n.bnc",129144,TRUE
"provide.v.bnc",28444,FALSE
"appear.v.bnc",1483,TRUE
"receive.v.bnc",1526,FALSE
"judgment.n.bnc",226951,TRUE
"performance.n.bnc",19540,TRUE
"performance.n.bnc",88029,TRUE
"activate.v.bnc",466012,TRUE
"organization.n.bnc",376807,TRUE
"organization.n.bnc",204873,FALSE
"difference.n.bnc",3471,TRUE
"ask.v.bnc",25581,FALSE
"organization.n.bnc",8258,TRUE
"wash.v.bnc",159738,TRUE
"party.n.bnc",38033,FALSE
"operate.v.bnc",44582,FALSE
"ask.v.bnc",28201,TRUE
"paper.n.bnc",65099,TRUE
"sort.n.bnc",3362,TRUE
"arm.n.bnc",49211,FALSE
"decide.v.bnc",18996,TRUE
"eat.v.bnc",23448,TRUE
"note.v.bnc",98181,FALSE
"arm.n.bnc",88727,TRUE
"degree.n.bnc",173121,TRUE
"remain.v.bnc",35512,FALSE
"express.v.bnc",91297,FALSE
"arm.n.bnc",100718,TRUE
"image.n.bnc",83139,TRUE
"begin.v.bnc",9439,TRUE
"expect.v.bnc",78576,TRUE
"win.v.bnc",29849,FALSE
"decide.v.bnc",3347,TRUE
"arm.n.bnc",32429,TRUE
"produce.v.bnc",58172,TRUE
"activate.v.bnc",504198,TRUE
"disc.n.bnc",895645,TRUE
"decide.v.bnc",5231,FALSE
"receive.v.bnc",814,TRUE
"performance.n.bnc",44684,FALSE
"shelter.n.bnc",132585,FALSE
"appear.v.bnc",15362,TRUE
"talk.v.bnc",19578,TRUE
"interest.n.bnc",91728,FALSE
"argument.n.bnc",99457,TRUE
"activate.v.bnc",1820168,TRUE
"talk.v.bnc",71282,FALSE
"win.v.bnc",50222,TRUE
"solid.a.bnc",111260,TRUE
"treat.v.bnc",138067,TRUE
"expect.v.bnc",3432,TRUE
"interest.n.bnc",38927,TRUE
"receive.v.bnc",1748,TRUE
"add.v.bnc",51014,TRUE
"remain.v.bnc",58403,FALSE
"appear.v.bnc",67635,TRUE
"shelter.n.bnc",275602,TRUE
"arm.n.bnc",57122,TRUE
"paper.n.bnc",36482,TRUE
"activate.v.bnc",1308739,FALSE
"watch.v.bnc",42890,TRUE
"paper.n.bnc",51317,FALSE
"add.v.bnc",18127,FALSE
"watch.v.bnc",46103,TRUE
"smell.v.bnc",656946,TRUE
"plan.n.bnc",72419,TRUE
"lose.v.bnc",76451,TRUE
"hot.a.bnc",89656,TRUE
"arm.n.bnc",36521,TRUE
"degree.n.bnc",169567,TRUE
"produce.v.bnc",39098,TRUE
"source.n.bnc",9042,TRUE
"add.v.bnc",58057,TRUE
"atmosphere.n.bnc",106555,TRUE
"interest.n.bnc",70146,TRUE
"simple.a.bnc",26670,TRUE
"decide.v.bnc",19341,TRUE
"hot.a.bnc",51191,TRUE
"difference.n.bnc",118408,TRUE
"organization.n.bnc",376801,TRUE
"appear.v.bnc",56967,TRUE
"expect.v.bnc",29622,FALSE
"add.v.bnc",66952,TRUE
"add.v.bnc",8460,TRUE
"bank.n.bnc",92098,FALSE
"difference.n.bnc",56418,TRUE
"encounter.v.bnc",141711,TRUE
"sort.n.bnc",4305,TRUE
"ask.v.bnc",10290,TRUE
"smell.v.bnc",614300,FALSE
"talk.v.bnc",36279,FALSE
"audience.n.bnc",95618,FALSE
"atmosphere.n.bnc",201645,FALSE
"rule.v.bnc",151703,FALSE
"shelter.n.bnc",592889,FALSE
"encounter.v.bnc",331089,TRUE
"arm.n.bnc",105091,TRUE
"mean.v.bnc",1087,TRUE
"performance.n.bnc",100266,FALSE
"different.a.bnc",48203,FALSE
"add.v.bnc",10915,TRUE
"performance.n.bnc",71665,TRUE
"bank.n.bnc",97454,FALSE
"talk.v.bnc",46569,TRUE
"argument.n.bnc",136018,FALSE
"sort.n.bnc",47527,TRUE
"lose.v.bnc",48615,TRUE
"paper.n.bnc",82671,TRUE
"ask.v.bnc",22856,TRUE
"begin.v.bnc",40736,TRUE
"expect.v.bnc",72426,TRUE
"plan.n.bnc",63606,FALSE
"climb.v.bnc",129897,TRUE
"argument.n.bnc",68464,FALSE
"suspend.v.bnc",86756,TRUE
"party.n.bnc",81643,TRUE
"ask.v.bnc",22203,FALSE
"source.n.bnc",25183,FALSE
"add.v.bnc",60497,FALSE
"note.v.bnc",210408,TRUE
"shelter.n.bnc",124977,FALSE
"use.v.bnc",19426,TRUE
"bank.n.bnc",81335,TRUE
"plan.n.bnc",28933,FALSE
"appear.v.bnc",54599,TRUE
"difference.n.bnc",55683,TRUE
"hot.a.bnc",125830,TRUE
"remain.v.bnc",64983,FALSE
"party.n.bnc",78378,FALSE
"party.n.bnc",8365,TRUE
"begin.v.bnc",38289,TRUE
"hot.a.bnc",93418,TRUE
"begin.v.bnc",36148,TRUE
"solid.a.bnc",31046,TRUE
"add.v.bnc",36983,FALSE
"atmosphere.n.bnc",201639,TRUE
"degree.n.bnc",172027,TRUE
"wash.v.bnc",186422,TRUE
"organization.n.bnc",342115,TRUE
"arm.n.bnc",49293,FALSE
"degree.n.bnc",152028,FALSE
"eat.v.bnc",120915,TRUE
"activate.v.bnc",538373,FALSE
"interest.n.bnc",75982,TRUE
"bank.n.bnc",100922,FALSE
"interest.n.bnc",80381,TRUE
"different.a.bnc",28624,FALSE
"paper.n.bnc",29345,FALSE
"encounter.v.bnc",575217,TRUE
"hot.a.bnc",65429,FALSE
"audience.n.bnc",97241,TRUE
"paper.n.bnc",29772,TRUE
"image.n.bnc",98928,FALSE
"eat.v.bnc",12659,TRUE
"climb.v.bnc",187139,FALSE
"party.n.bnc",72396,TRUE
"appear.v.bnc",48068,TRUE
"provide.v.bnc",326,TRUE
"ask.v.bnc",20263,TRUE
"party.n.bnc",78411,FALSE
"bank.n.bnc",50705,FALSE
"treat.v.bnc",13670,TRUE
"difference.n.bnc",123606,FALSE
"audience.n.bnc",93620,TRUE
"add.v.bnc",54189,FALSE
"ask.v.bnc",19417,TRUE
"sort.n.bnc",6921,TRUE
"organization.n.bnc",294506,TRUE
"image.n.bnc",66872,FALSE
"add.v.bnc",12794,TRUE
"atmosphere.n.bnc",56826,FALSE
"provide.v.bnc",22988,TRUE
"interest.n.bnc",2867,TRUE
"difficulty.n.bnc",69448,TRUE
"arm.n.bnc",56806,TRUE
"arm.n.bnc",35038,FALSE
"suspend.v.bnc",290642,TRUE
"remain.v.bnc",8610,TRUE
"solid.a.bnc",59516,TRUE
"judgment.n.bnc",564660,TRUE
"argument.n.bnc",99363,TRUE
"party.n.bnc",81730,FALSE
"remain.v.bnc",5611,TRUE
"performance.n.bnc",27253,TRUE
"eat.v.bnc",145655,TRUE
"plan.n.bnc",39770,FALSE
"organization.n.bnc",1796,TRUE
"expect.v.bnc",7245,FALSE
"expect.v.bnc",67023,TRUE
"argument.n.bnc",69623,FALSE
"audience.n.bnc",87733,TRUE
"climb.v.bnc",59621,TRUE
"paper.n.bnc",96232,FALSE
"paper.n.bnc",67903,TRUE
"party.n.bnc",81199,TRUE
"appear.v.bnc",53572,TRUE
"atmosphere.n.bnc",167744,TRUE
"provide.v.bnc",14136,TRUE
"argument.n.bnc",151967,TRUE
"use.v.bnc",2127,FALSE
"party.n.bnc",78473,TRUE
"talk.v.bnc",57114,TRUE
"degree.n.bnc",115483,TRUE
"hot.a.bnc",75447,TRUE
"add.v.bnc",66635,TRUE
"difference.n.bnc",123140,FALSE
"suspend.v.bnc",469664,FALSE
"lose.v.bnc",20332,FALSE
"audience.n.bnc",55949,TRUE
"bank.n.bnc",78302,FALSE
"remain.v.bnc",8607,TRUE
"party.n.bnc",59986,TRUE
"activate.v.bnc",618027,FALSE
"shelter.n.bnc",677537,TRUE
"talk.v.bnc",47722,TRUE
"produce.v.bnc",62249,TRUE
"bank.n.bnc",97124,TRUE
"suspend.v.bnc",119688,TRUE
"lose.v.bnc",71882,FALSE
"argument.n.bnc",99363,TRUE
"organization.n.bnc",137772,TRUE
"remain.v.bnc",54887,TRUE
"atmosphere.n.bnc",109414,TRUE
"produce.v.bnc",64090,FALSE
"arm.n.bnc",112257,TRUE
"provide.v.bnc",44888,FALSE
"climb.v.bnc",176877,TRUE
"atmosphere.n.bnc",114155,FALSE
"argument.n.bnc",116989,TRUE
"ask.v.bnc",20081,TRUE
"interest.n.bnc",68273,FALSE
"begin.v.bnc",9625,TRUE
"disc.n.bnc",307325,TRUE
"party.n.bnc",9473,TRUE
"appear.v.bnc",64434,TRUE
"treat.v.bnc",77260,TRUE
"suspend.v.bnc",424232,TRUE
"lose.v.bnc",48448,TRUE
"note.v.bnc",8915,TRUE
"bank.n.bnc",39077,TRUE
"remain.v.bnc",21139,TRUE
"degree.n.bnc",101634,TRUE
"different.a.bnc",44766,TRUE
"mean.v.bnc",11294,TRUE
"different.a.bnc",50210,FALSE
"atmosphere.n.bnc",148602,TRUE
"difference.n.bnc",115014,FALSE
"express.v.bnc",150858,TRUE
"provide.v.bnc",39081,TRUE
"performance.n.bnc",58093,FALSE
"atmosphere.n.bnc",19843,TRUE
"shelter.n.bnc",383125,FALSE
"eat.v.bnc",96255,FALSE
"paper.n.bnc",107413,FALSE
"difficulty.n.bnc",2734,FALSE
"sort.n.bnc",77802,TRUE
"produce.v.bnc",52760,FALSE
"produce.v.bnc",48414,TRUE
"arm.n.bnc",26871,FALSE
"ask.v.bnc",36090,TRUE
"plan.n.bnc",26982,FALSE
"organization.n.bnc",1576,FALSE
"talk.v.bnc",36291,FALSE
"shelter.n.bnc",130533,TRUE
"talk.v.bnc",90234,TRUE
"image.n.bnc",68547,TRUE
"bank.n.bnc",75863,TRUE
"argument.n.bnc",143114,FALSE
"add.v.bnc",15180,TRUE
"expect.v.bnc",74857,FALSE
"eat.v.bnc",145130,TRUE
"ask.v.bnc",17414,TRUE
"encounter.v.bnc",140494,FALSE
"suspend.v.bnc",202743,FALSE
"arm.n.bnc",49400,TRUE
"appear.v.bnc",5483,TRUE
"provide.v.bnc",18629,TRUE
"performance.n.bnc",77938,TRUE
"play.v.bnc",7227,TRUE
"party.n.bnc",76237,TRUE
"audience.n.bnc",91299,TRUE
"begin.v.bnc",9572,TRUE
"plan.n.bnc",82147,FALSE
"produce.v.bnc",49784,TRUE
"produce.v.bnc",14678,FALSE
"eat.v.bnc",28152,TRUE
"shelter.n.bnc",112976,FALSE
"difference.n.bnc",66317,FALSE
"argument.n.bnc",84894,TRUE
"source.n.bnc",23558,TRUE
"argument.n.bnc",68337,FALSE
"disc.n.bnc",245796,TRUE
"sort.n.bnc",77783,TRUE
"climb.v.bnc",19250,TRUE
"provide.v.bnc",25954,TRUE
"bank.n.bnc",162500,TRUE
"ask.v.bnc",2801,FALSE
"suspend.v.bnc",233474,TRUE
"plan.n.bnc",10038,TRUE
"arm.n.bnc",49275,FALSE
"activate.v.bnc",972290,TRUE
"arm.n.bnc",34971,TRUE
"degree.n.bnc",126819,TRUE
"miss.v.bnc",86986,TRUE
"performance.n.bnc",3238,TRUE
"talk.v.bnc",91286,FALSE
"performance.n.bnc",28346,TRUE
"produce.v.bnc",48750,TRUE
"activate.v.bnc",2015290,TRUE
"shelter.n.bnc",398211,TRUE
"party.n.bnc",78375,FALSE
"different.a.bnc",2704,TRUE
"audience.n.bnc",97271,TRUE
"organization.n.bnc",375564,FALSE
"disc.n.bnc",245795,TRUE
"eat.v.bnc",28678,TRUE
"smell.v.bnc",390837,TRUE
"arm.n.bnc",37540,FALSE
"produce.v.bnc",12776,TRUE
"remain.v.bnc",8499,FALSE
"provide.v.bnc",10874,TRUE
"activate.v.bnc",1874636,TRUE
"provide.v.bnc",35469,TRUE
"paper.n.bnc",96460,FALSE
"note.v.bnc",150809,TRUE
"smell.v.bnc",177216,TRUE
"argument.n.bnc",60742,TRUE
"disc.n.bnc",557568,FALSE
"interest.n.bnc",10984,TRUE
"play.v.bnc",19016,TRUE
"plan.n.bnc",85569,FALSE
"hot.a.bnc",124859,TRUE
"climb.v.bnc",251275,TRUE
"performance.n.bnc",91373,TRUE
"wash.v.bnc",323551,TRUE
"degree.n.bnc",158194,TRUE
"shelter.n.bnc",129063,TRUE
"audience.n.bnc",57432,TRUE
"performance.n.bnc",56315,FALSE
"ask.v.bnc",40557,FALSE
"eat.v.bnc",46624,TRUE
"atmosphere.n.bnc",186463,FALSE
"add.v.bnc",12809,TRUE
"add.v.bnc",40004,TRUE
"express.v.bnc",40128,TRUE
"treat.v.bnc",121030,FALSE
"plan.n.bnc",81346,TRUE
"talk.v.bnc",86731,TRUE
"arm.n.bnc",61505,TRUE
"activate.v.bnc",2016404,FALSE
"play.v.bnc",7068,FALSE
"decide.v.bnc",10706,TRUE
"mean.v.bnc",17775,TRUE
"degree.n.bnc",50413,FALSE
"arm.n.bnc",56627,TRUE
"ask.v.bnc",39981,TRUE
"simple.a.bnc",14202,FALSE
"image.n.bnc",77479,FALSE
"arm.n.bnc",56802,TRUE
"performance.n.bnc",69383,FALSE
"degree.n.bnc",98562,TRUE
"produce.v.bnc",12843,TRUE
"encounter.v.bnc",153443,FALSE
"produce.v.bnc",18389,TRUE
"smell.v.bnc",38036,TRUE
"disc.n.bnc",927181,TRUE
"express.v.bnc",97906,TRUE
"paper.n.bnc",36491,FALSE
"produce.v.bnc",66688,TRUE
"audience.n.bnc",7192,TRUE
"paper.n.bnc",112501,TRUE
"add.v.bnc",63659,FALSE
"performance.n.bnc",7107,TRUE
"plan.n.bnc",86036,TRUE
"degree.n.bnc",63626,FALSE
"interest.n.bnc",68271,TRUE
"degree.n.bnc",123235,FALSE
"interest.n.bnc",73604,TRUE
"paper.n.bnc",85891,TRUE
"image.n.bnc",2376,TRUE
"arm.n.bnc",57150,FALSE
"disc.n.bnc",170751,TRUE
"suspend.v.bnc",359280,FALSE
"degree.n.bnc",128025,TRUE
"party.n.bnc",77858,TRUE
"argument.n.bnc",43785,FALSE
"ask.v.bnc",6991,TRUE
"smell.v.bnc",49781,TRUE
"provide.v.bnc",326,FALSE
"audience.n.bnc",56792,TRUE
"audience.n.bnc",7070,TRUE
"appear.v.bnc",26678,FALSE
"receive.v.bnc",14734,TRUE
"expect.v.bnc",7250,TRUE
"play.v.bnc",7863,TRUE
"paper.n.bnc",120217,TRUE
"paper.n.bnc",95216,TRUE
"climb.v.bnc",532,TRUE
"performance.n.bnc",94816,TRUE
"judgment.n.bnc",505218,TRUE
"arm.n.bnc",57653,TRUE
"begin.v.bnc",19778,TRUE
"eat.v.bnc",124913,FALSE
"rule.v.bnc",110330,TRUE
"produce.v.bnc",61165,TRUE
"solid.a.bnc",154131,FALSE
"bank.n.bnc",69881,TRUE
"note.v.bnc",56532,TRUE
"shelter.n.bnc",845722,TRUE
"talk.v.bnc",87192,FALSE
"difference.n.bnc",82461,FALSE
"bank.n.bnc",162495,TRUE
"ask.v.bnc",10344,FALSE
"arm.n.bnc",36984,TRUE
"eat.v.bnc",13148,TRUE
"watch.v.bnc",57616,FALSE
"performance.n.bnc",31616,FALSE
"performance.n.bnc",87569,TRUE
"suspend.v.bnc",357111,FALSE
"arm.n.bnc",33408,TRUE
"bank.n.bnc",162500,FALSE
"lose.v.bnc",29606,TRUE
"encounter.v.bnc",156029,FALSE
"hear.v.bnc",20674,FALSE
"argument.n.bnc",136062,TRUE
"ask.v.bnc",4260,TRUE
"difference.n.bnc",44675,TRUE
"difficulty.n.bnc",2701,TRUE
"decide.v.bnc",42503,TRUE
"appear.v.bnc",59037,TRUE
"paper.n.bnc",65097,TRUE
"appear.v.bnc",65124,FALSE
"encounter.v.bnc",199862,TRUE
"arm.n.bnc",57122,FALSE
"shelter.n.bnc",770497,TRUE
"note.v.bnc",103992,FALSE
"audience.n.bnc",127344,TRUE
"expect.v.bnc",73272,TRUE
"rule.v.bnc",139601,TRUE
"watch.v.bnc",24521,TRUE
"encounter.v.bnc",617351,FALSE
"organization.n.bnc",8211,TRUE
"plan.n.bnc",66721,TRUE
"treat.v.bnc",9543,TRUE
"difficulty.n.bnc",69279,TRUE
"write.v.bnc",176,TRUE
"judgment.n.bnc",487561,FALSE
"bank.n.bnc",97379,TRUE
"shelter.n.bnc",458002,TRUE
"smell.v.bnc",658017,TRUE
"eat.v.bnc",129059,TRUE
"produce.v.bnc",44712,TRUE
"source.n.bnc",1451,TRUE
"express.v.bnc",97906,TRUE
"degree.n.bnc",260269,FALSE
"argument.n.bnc",66601,TRUE
"hot.a.bnc",125380,TRUE
"write.v.bnc",2782,TRUE
"hear.v.bnc",10508,FALSE
"interest.n.bnc",19131,TRUE
"expect.v.bnc",75495,TRUE
"party.n.bnc",77870,FALSE
"sort.n.bnc",39951,TRUE
"atmosphere.n.bnc",225201,FALSE
"appear.v.bnc",20650,TRUE
"plan.n.bnc",74929,TRUE
"note.v.bnc",18062,TRUE
"disc.n.bnc",927176,FALSE
"decide.v.bnc",1819,TRUE
"suspend.v.bnc",243374,TRUE
"audience.n.bnc",78962,TRUE
"sort.n.bnc",4853,TRUE
"eat.v.bnc",47723,TRUE
"shelter.n.bnc",770496,FALSE
"hot.a.bnc",60384,TRUE
"ask.v.bnc",36871,TRUE
"degree.n.bnc",274564,TRUE
"disc.n.bnc",895324,TRUE
"add.v.bnc",25869,TRUE
"lose.v.bnc",71882,TRUE
"produce.v.bnc",2792,TRUE
"expect.v.bnc",11705,TRUE
"argument.n.bnc",133560,TRUE
"express.v.bnc",56037,TRUE
"wash.v.bnc",160556,TRUE
"ask.v.bnc",20609,TRUE
"eat.v.bnc",10445,FALSE
"note.v.bnc",109384,FALSE
"add.v.bnc",14806,TRUE
"sort.n.bnc",21221,FALSE
"different.a.bnc",39354,TRUE
"watch.v.bnc",11178,TRUE
"bank.n.bnc",131156,FALSE
"difference.n.bnc",67610,FALSE
"begin.v.bnc",28211,TRUE
"paper.n.bnc",40682,TRUE
"activate.v.bnc",1039017,TRUE
"produce.v.bnc",34832,TRUE
"hear.v.bnc",17370,FALSE
"ask.v.bnc",969,TRUE
"source.n.bnc",3133,TRUE
"plan.n.bnc",62421,TRUE
"treat.v.bnc",122746,TRUE
"audience.n.bnc",7192,TRUE
"ask.v.bnc",29736,TRUE
"climb.v.bnc",172456,TRUE
"solid.a.bnc",18266,TRUE
"begin.v.bnc",25351,TRUE
"paper.n.bnc",120218,FALSE
"play.v.bnc",11541,FALSE
"ask.v.bnc",38405,TRUE
"provide.v.bnc",36009,TRUE
"party.n.bnc",34045,FALSE
"mean.v.bnc",12752,TRUE
"ask.v.bnc",31780,TRUE
"different.a.bnc",5810,TRUE
"activate.v.bnc",1415729,TRUE
"receive.v.bnc",52033,TRUE
"decide.v.bnc",25397,TRUE
"begin.v.bnc",26083,TRUE
"decide.v.bnc",36016,FALSE
"express.v.bnc",56831,FALSE
"talk.v.bnc",28184,FALSE
"bank.n.bnc",26945,TRUE
"ask.v.bnc",19699,FALSE
"appear.v.bnc",56956,TRUE
"watch.v.bnc",54294,TRUE
"performance.n.bnc",82383,TRUE
"operate.v.bnc",52002,TRUE
"interest.n.bnc",64079,TRUE
"difficulty.n.bnc",3882,FALSE
"difficulty.n.bnc",28828,TRUE
"disc.n.bnc",140047,TRUE
"ask.v.bnc",21459,TRUE
"sort.n.bnc",40137,TRUE
"produce.v.bnc",14666,TRUE
"paper.n.bnc",101869,FALSE
"wash.v.bnc",40555,TRUE
"appear.v.bnc",65983,TRUE
"disc.n.bnc",555135,TRUE
"mean.v.bnc",6703,FALSE
"add.v.bnc",72162,TRUE
"ask.v.bnc",27374,TRUE
"appear.v.bnc",66574,FALSE
"remain.v.bnc",1833,TRUE
"difference.n.bnc",74174,TRUE
"party.n.bnc",40931,TRUE
"arm.n.bnc",36595,TRUE
"activate.v.bnc",709482,TRUE
"miss.v.bnc",17518,TRUE
"ask.v.bnc",22272,FALSE
"difference.n.bnc",100917,TRUE
"produce.v.bnc",39098,FALSE
"bank.n.bnc",80273,TRUE
"paper.n.bnc",126289,TRUE
"suspend.v.bnc",376123,TRUE
"treat.v.bnc",103757,TRUE
"audience.n.bnc",83544,TRUE
"image.n.bnc",46825,TRUE
"difference.n.bnc",24499,TRUE
"degree.n.bnc",131953,TRUE
"talk.v.bnc",5630,TRUE
"plan.n.bnc",85486,FALSE
"begin.v.bnc",12172,FALSE
"play.v.bnc",7697,TRUE
"watch.v.bnc",21409,FALSE
"solid.a.bnc",61965,FALSE
"paper.n.bnc",93643,FALSE
"miss.v.bnc",119414,TRUE
"plan.n.bnc",28925,TRUE
"simple.a.bnc",667,TRUE
"ask.v.bnc",17400,TRUE
"plan.n.bnc",84902,TRUE
"activate.v.bnc",1775004,TRUE
"arm.n.bnc",116261,FALSE
"rule.v.bnc",110218,FALSE
"remain.v.bnc",6120,FALSE
"organization.n.bnc",1773,TRUE
"degree.n.bnc",263763,TRUE
"activate.v.bnc",928939,TRUE
"important.a.bnc",28948,TRUE
"add.v.bnc",42899,TRUE
"simple.a.bnc",26670,TRUE
"bank.n.bnc",106818,TRUE
"degree.n.bnc",285906,TRUE
"watch.v.bnc",5647,FALSE
"party.n.bnc",81736,TRUE
"audience.n.bnc",56420,TRUE
"argument.n.bnc",83316,TRUE
"decide.v.bnc",62939,TRUE
"difference.n.bnc",30368,TRUE
"remain.v.bnc",43822,TRUE
"plan.n.bnc",74994,TRUE
"begin.v.bnc",16952,TRUE
"ask.v.bnc",37877,TRUE
"play.v.bnc",7897,TRUE
"ask.v.bnc",38105,TRUE
"climb.v.bnc",315003,TRUE
"audience.n.bnc",87733,TRUE
"add.v.bnc",14985,TRUE
"lose.v.bnc",23642,FALSE
"add.v.bnc",7372,TRUE
"ask.v.bnc",37933,TRUE
"provide.v.bnc",25954,FALSE
"begin.v.bnc",14789,TRUE
"bank.n.bnc",80324,TRUE
"atmosphere.n.bnc",92830,TRUE
"climb.v.bnc",59440,TRUE
"win.v.bnc",48009,FALSE
"image.n.bnc",102933,TRUE
"paper.n.bnc",37203,TRUE
"encounter.v.bnc",109852,FALSE
"image.n.bnc",95568,TRUE
"produce.v.bnc",15205,TRUE
"sort.n.bnc",3887,FALSE
"image.n.bnc",5541,TRUE
"party.n.bnc",78411,FALSE
"eat.v.bnc",153829,FALSE
"expect.v.bnc",35975,TRUE
"provide.v.bnc",21401,FALSE
"audience.n.bnc",93574,FALSE
"image.n.bnc",66832,TRUE
"shelter.n.bnc",872573,FALSE
"appear.v.bnc",8614,TRUE
"paper.n.bnc",107429,FALSE
"ask.v.bnc",39529,FALSE
"eat.v.bnc",31886,TRUE
"judgment.n.bnc",109959,TRUE
"mean.v.bnc",4400,TRUE
"ask.v.bnc",17989,TRUE
"arm.n.bnc",38050,TRUE
"difference.n.bnc",9516,TRUE
"begin.v.bnc",38988,FALSE
"important.a.bnc",5508,TRUE
"difficulty.n.bnc",43446,FALSE
"interest.n.bnc",69706,TRUE
"degree.n.bnc",296089,TRUE
"paper.n.bnc",47691,FALSE
"wash.v.bnc",40555,TRUE
"argument.n.bnc",83316,FALSE
"provide.v.bnc",26226,TRUE
"sort.n.bnc",79983,FALSE
"activate.v.bnc",1650342,TRUE
"talk.v.bnc",44537,FALSE
"arm.n.bnc",87757,FALSE
"degree.n.bnc",29247,TRUE
"express.v.bnc",142861,TRUE
"ask.v.bnc",31111,TRUE
"produce.v.bnc",19029,TRUE
"plan.n.bnc",26054,TRUE
"add.v.bnc",80084,TRUE
"appear.v.bnc",56780,TRUE
"arm.n.bnc",96931,FALSE
"difference.n.bnc",4249,FALSE
"treat.v.bnc",123199,TRUE
"activate.v.bnc",2016434,TRUE
"mean.v.bnc",4942,TRUE
"wash.v.bnc",322193,TRUE
"note.v.bnc",8338,TRUE
"simple.a.bnc",14702,TRUE
"decide.v.bnc",297,TRUE
"suspend.v.bnc",105757,TRUE
"smell.v.bnc",390872,TRUE
"activate.v.bnc",2014015,TRUE
"party.n.bnc",58153,FALSE
"begin.v.bnc",11952,TRUE
"expect.v.bnc",59089,FALSE
"wash.v.bnc",47669,TRUE
"sort.n.bnc",58018,FALSE
"eat.v.bnc",40853,FALSE
"arm.n.bnc",88403,TRUE
"sort.n.bnc",67836,TRUE
"decide.v.bnc",57050,TRUE
"remain.v.bnc",8244,TRUE
"performance.n.bnc",71665,TRUE
"interest.n.bnc",39076,FALSE
"use.v.bnc",2726,TRUE
"shelter.n.bnc",271967,TRUE
"difference.n.bnc",123626,TRUE
"smell.v.bnc",635129,FALSE
"image.n.bnc",58654,TRUE
"sort.n.bnc",39485,TRUE
"mean.v.bnc",12752,FALSE
"party.n.bnc",75525,TRUE
"solid.a.bnc",58054,TRUE
"degree.n.bnc",76459,TRUE
"shelter.n.bnc",522904,TRUE
"appear.v.bnc",4058,TRUE
"audience.n.bnc",56774,FALSE
"paper.n.bnc",70608,TRUE
"arm.n.bnc",78003,TRUE
"argument.n.bnc",138189,TRUE
"argument.n.bnc",84384,TRUE
"different.a.bnc",2774,TRUE
"paper.n.bnc",59941,TRUE
"paper.n.bnc",61724,TRUE
"decide.v.bnc",50232,TRUE
"disc.n.bnc",217037,TRUE
"produce.v.bnc",9512,FALSE
"eat.v.bnc",42592,TRUE
"talk.v.bnc",19057,TRUE
"shelter.n.bnc",514544,TRUE
"win.v.bnc",48146,TRUE
"interest.n.bnc",8057,FALSE
"operate.v.bnc",12917,FALSE
"use.v.bnc",541,TRUE
"decide.v.bnc",19693,TRUE
"degree.n.bnc",226209,TRUE
"note.v.bnc",128228,TRUE
"mean.v.bnc",4746,FALSE
"bank.n.bnc",36502,TRUE
"eat.v.bnc",145482,FALSE
"encounter.v.bnc",55371,TRUE
"party.n.bnc",8112,TRUE
"ask.v.bnc",28831,FALSE
"degree.n.bnc",76455,TRUE
"appear.v.bnc",8982,TRUE
"treat.v.bnc",53941,FALSE
"remain.v.bnc",8343,TRUE
"degree.n.bnc",98562,FALSE
"argument.n.bnc",146875,FALSE
"add.v.bnc",4108,FALSE
"organization.n.bnc",163758,TRUE
"climb.v.bnc",26525,TRUE
"write.v.bnc",7382,TRUE
"disc.n.bnc",462413,FALSE
"disc.n.bnc",402409,FALSE
"different.a.bnc",21350,FALSE
"miss.v.bnc",66052,TRUE
"bank.n.bnc",179424,TRUE
"miss.v.bnc",83642,FALSE
"appear.v.bnc",8984,TRUE
"different.a.bnc",3701,TRUE
"produce.v.bnc",25555,FALSE
"source.n.bnc",14477,FALSE
"hear.v.bnc",15284,TRUE
"organization.n.bnc",1867,TRUE
"interest.n.bnc",48698,FALSE
"degree.n.bnc",241225,TRUE
"arm.n.bnc",57192,TRUE
"begin.v.bnc",44428,TRUE
"audience.n.bnc",57608,TRUE
"note.v.bnc",171277,TRUE
"talk.v.bnc",17534,TRUE
"performance.n.bnc",75253,TRUE
"appear.v.bnc",16826,FALSE
"party.n.bnc",19415,FALSE
"begin.v.bnc",18403,FALSE
"organization.n.bnc",376219,TRUE
"expect.v.bnc",58717,TRUE
"party.n.bnc",79619,TRUE
"express.v.bnc",214003,FALSE
"bank.n.bnc",75832,FALSE
"argument.n.bnc",44246,TRUE
"expect.v.bnc",22236,FALSE
"party.n.bnc",63076,FALSE
"sort.n.bnc",2972,TRUE
"party.n.bnc",76219,FALSE
"operate.v.bnc",12833,TRUE
"paper.n.bnc",126402,FALSE
"bank.n.bnc",8198,TRUE
"disc.n.bnc",895266,TRUE
"bank.n.bnc",84067,FALSE
"watch.v.bnc",26584,TRUE
"talk.v.bnc",83509,TRUE
"audience.n.bnc",56701,FALSE
"ask.v.bnc",16994,TRUE
"bank.n.bnc",69898,TRUE
"arm.n.bnc",49578,TRUE
"bank.n.bnc",26260,TRUE
"eat.v.bnc",13146,TRUE
"talk.v.bnc",14533,TRUE
"organization.n.bnc",164010,TRUE
"suspend.v.bnc",236586,TRUE
"sort.n.bnc",16630,TRUE
"difficulty.n.bnc",617,FALSE
"bank.n.bnc",116366,FALSE
"audience.n.bnc",56354,TRUE
"disc.n.bnc",118800,TRUE
"argument.n.bnc",99457,TRUE
"degree.n.bnc",295861,FALSE
"bank.n.bnc",124688,TRUE
"add.v.bnc",58537,TRUE
"atmosphere.n.bnc",78351,TRUE
"important.a.bnc",4000,FALSE
"difficulty.n.bnc",3910,TRUE
"difference.n.bnc",95448,TRUE
"interest.n.bnc",72214,TRUE
"begin.v.bnc",10065,FALSE
"expect.v.bnc",36918,TRUE
"shelter.n.bnc",550563,TRUE
"argument.n.bnc",43785,FALSE
"performance.n.bnc",5653,TRUE
"climb.v.bnc",46719,FALSE
"organization.n.bnc",29455,TRUE
"climb.v.bnc",297416,TRUE
"hear.v.bnc",4250,TRUE
"appear.v.bnc",45220,TRUE
"argument.n.bnc",106818,FALSE
"sort.n.bnc",58739,TRUE
"solid.a.bnc",58054,TRUE
"disc.n.bnc",462243,TRUE
"eat.v.bnc",23448,TRUE
"add.v.bnc",61306,TRUE
"disc.n.bnc",895367,TRUE
"mean.v.bnc",4140,FALSE
"arm.n.bnc",15404,TRUE
"note.v.bnc",116227,TRUE
"mean.v.bnc",16373,TRUE
"ask.v.bnc",3637,FALSE
"activate.v.bnc",935127,TRUE
"watch.v.bnc",35994,TRUE
"climb.v.bnc",59817,TRUE
"interest.n.bnc",59903,TRUE
"remain.v.bnc",2878,FALSE
"expect.v.bnc",22615,TRUE
"difference.n.bnc",20120,TRUE
"lose.v.bnc",48615,TRUE
"audience.n.bnc",96995,FALSE
"degree.n.bnc",13259,FALSE
"interest.n.bnc",68684,TRUE
"arm.n.bnc",88886,FALSE
"disc.n.bnc",895342,FALSE
"performance.n.bnc",26144,TRUE
"disc.n.bnc",221472,FALSE
"talk.v.bnc",3969,FALSE
"arm.n.bnc",70967,FALSE
"add.v.bnc",40011,FALSE
"add.v.bnc",57808,TRUE
"wash.v.bnc",347999,FALSE
"arm.n.bnc",35160,TRUE
"produce.v.bnc",62240,TRUE
"decide.v.bnc",21489,TRUE
"mean.v.bnc",19662,TRUE
"disc.n.bnc",468730,FALSE
"bank.n.bnc",91820,TRUE
"express.v.bnc",112811,FALSE
"begin.v.bnc",40065,TRUE
"activate.v.bnc",618027,FALSE
"bank.n.bnc",82675,TRUE
"use.v.bnc",3093,TRUE
"hot.a.bnc",93369,FALSE
"activate.v.bnc",2009592,TRUE
"image.n.bnc",85539,TRUE
"argument.n.bnc",138189,TRUE
"degree.n.bnc",152757,TRUE
"organization.n.bnc",342724,FALSE
"audience.n.bnc",136163,TRUE
"decide.v.bnc",47685,TRUE
"produce.v.bnc",66319,TRUE
"degree.n.bnc",66201,TRUE
"appear.v.bnc",59590,TRUE
"argument.n.bnc",108796,TRUE
"party.n.bnc",60212,TRUE
"different.a.bnc",2482,TRUE
"add.v.bnc",1199,FALSE
"climb.v.bnc",42637,TRUE
"encounter.v.bnc",15967,FALSE
"express.v.bnc",211994,TRUE
"interest.n.bnc",76045,TRUE
"paper.n.bnc",60927,TRUE
"lose.v.bnc",54118,TRUE
"ask.v.bnc",21111,TRUE
"bank.n.bnc",118999,TRUE
"produce.v.bnc",49817,TRUE
"atmosphere.n.bnc",57654,TRUE
"decide.v.bnc",66978,FALSE
"argument.n.bnc",68736,FALSE
"bank.n.bnc",73827,FALSE
"smell.v.bnc",209197,TRUE
"degree.n.bnc",255971,TRUE
"add.v.bnc",3517,FALSE
"ask.v.bnc",95,FALSE
"argument.n.bnc",144394,TRUE
"different.a.bnc",4643,TRUE
"disc.n.bnc",464753,FALSE
"add.v.bnc",18127,FALSE
"argument.n.bnc",10758,FALSE
"image.n.bnc",121847,TRUE
"shelter.n.bnc",409865,FALSE
"watch.v.bnc",16923,FALSE
"difference.n.bnc",115014,FALSE
"eat.v.bnc",145647,FALSE
"shelter.n.bnc",650428,FALSE
"bank.n.bnc",156033,FALSE
"treat.v.bnc",112671,TRUE
"eat.v.bnc",129271,TRUE
"add.v.bnc",38653,TRUE
"organization.n.bnc",259833,TRUE
"arm.n.bnc",122693,FALSE
"remain.v.bnc",4671,TRUE
"activate.v.bnc",1513543,FALSE
"climb.v.bnc",280293,FALSE
"mean.v.bnc",15568,FALSE
"hear.v.bnc",34458,TRUE
"win.v.bnc",34584,FALSE
"different.a.bnc",5874,TRUE
"begin.v.bnc",10038,TRUE
"difference.n.bnc",54528,TRUE
"write.v.bnc",3339,TRUE
"important.a.bnc",29063,FALSE
"difference.n.bnc",76722,TRUE
"important.a.bnc",241,TRUE
"begin.v.bnc",31340,FALSE
"provide.v.bnc",1325,TRUE
"appear.v.bnc",54388,TRUE
"mean.v.bnc",881,TRUE
"party.n.bnc",81579,FALSE
"degree.n.bnc",296089,TRUE
"note.v.bnc",128228,TRUE
"wash.v.bnc",42431,TRUE
"arm.n.bnc",36595,TRUE
"solid.a.bnc",31046,TRUE
"note.v.bnc",129535,TRUE
"sort.n.bnc",67805,FALSE
"climb.v.bnc",26735,FALSE
"performance.n.bnc",15905,FALSE
"express.v.bnc",105071,TRUE
"argument.n.bnc",139457,FALSE
"solid.a.bnc",35239,FALSE
"activate.v.bnc",618351,TRUE
"add.v.bnc",79536,TRUE
"image.n.bnc",18505,TRUE
"shelter.n.bnc",611604,FALSE
"treat.v.bnc",10878,FALSE
"hot.a.bnc",30932,FALSE
"argument.n.bnc",84801,FALSE
"judgment.n.bnc",571799,FALSE
"image.n.bnc",46825,FALSE
"express.v.bnc",104429,FALSE
"party.n.bnc",36827,TRUE
"argument.n.bnc",9531,FALSE
"bank.n.bnc",187244,FALSE
"wash.v.bnc",159911,FALSE
"add.v.bnc",61085,FALSE
"watch.v.bnc",41674,TRUE
"image.n.bnc",100668,FALSE
"activate.v.bnc",1870620,TRUE
"interest.n.bnc",77236,FALSE
"different.a.bnc",2774,TRUE
"produce.v.bnc",50650,TRUE
"arm.n.bnc",1857,TRUE
"treat.v.bnc",53571,FALSE
"disc.n.bnc",895218,FALSE
"encounter.v.bnc",592613,FALSE
"eat.v.bnc",27851,FALSE
"difficulty.n.bnc",3783,TRUE
"judgment.n.bnc",423869,TRUE
"appear.v.bnc",44166,FALSE
"paper.n.bnc",37204,TRUE
"activate.v.bnc",1210816,FALSE
"wash.v.bnc",46105,TRUE
"activate.v.bnc",941772,TRUE
"expect.v.bnc",5536,TRUE
"image.n.bnc",66832,TRUE
"encounter.v.bnc",297188,TRUE
"audience.n.bnc",126494,TRUE
"different.a.bnc",3226,TRUE
"performance.n.bnc",57161,TRUE
"climb.v.bnc",40468,TRUE
"watch.v.bnc",16824,TRUE
"sort.n.bnc",39951,TRUE
"bank.n.bnc",73649,TRUE
"party.n.bnc",77764,FALSE
"interest.n.bnc",64724,FALSE
"produce.v.bnc",29853,FALSE
"bank.n.bnc",73649,FALSE
"bank.n.bnc",110335,TRUE
"shelter.n.bnc",383271,TRUE
"argument.n.bnc",72253,FALSE
"rule.v.bnc",107768,TRUE
"wash.v.bnc",40526,FALSE
"miss.v.bnc",110452,TRUE
"ask.v.bnc",20106,TRUE
"watch.v.bnc",48328,TRUE
"play.v.bnc",7268,TRUE
"provide.v.bnc",120,FALSE
"degree.n.bnc",26994,FALSE
"shelter.n.bnc",387972,TRUE
"degree.n.bnc",330830,TRUE
"smell.v.bnc",562615,TRUE
"produce.v.bnc",12857,TRUE
"ask.v.bnc",2089,TRUE
"eat.v.bnc",145534,TRUE
"climb.v.bnc",280319,TRUE
"activate.v.bnc",975929,TRUE
"climb.v.bnc",130123,TRUE
"expect.v.bnc",3876,TRUE
"sort.n.bnc",2426,FALSE
"image.n.bnc",65777,FALSE
"sort.n.bnc",20551,FALSE
"performance.n.bnc",91393,TRUE
"begin.v.bnc",6984,TRUE
"ask.v.bnc",22207,FALSE
"bank.n.bnc",92131,TRUE
"audience.n.bnc",87550,TRUE
"produce.v.bnc",38528,FALSE
"interest.n.bnc",77798,FALSE
"degree.n.bnc",54579,TRUE
"sort.n.bnc",3384,TRUE
"interest.n.bnc",29875,FALSE
"plan.n.bnc",9651,TRUE
"disc.n.bnc",895218,TRUE
"add.v.bnc",11632,TRUE
"performance.n.bnc",94824,TRUE
"hear.v.bnc",34769,TRUE
"interest.n.bnc",714,TRUE
"shelter.n.bnc",560190,FALSE
"appear.v.bnc",1526,TRUE
"argument.n.bnc",60418,TRUE
"performance.n.bnc",57460,TRUE
"sort.n.bnc",13108,TRUE
"sort.n.bnc",79707,TRUE
"activate.v.bnc",1170345,TRUE
"interest.n.bnc",44106,TRUE
"appear.v.bnc",52833,TRUE
"plan.n.bnc",51055,TRUE
"remain.v.bnc",2404,TRUE
"provide.v.bnc",43792,TRUE
"audience.n.bnc",65787,FALSE
"appear.v.bnc",38138,FALSE
"audience.n.bnc",56526,TRUE
"hot.a.bnc",37662,FALSE
"use.v.bnc",18949,FALSE
"add.v.bnc",53305,TRUE
"argument.n.bnc",69852,FALSE
"argument.n.bnc",68618,FALSE
"note.v.bnc",69409,TRUE
"write.v.bnc",2526,TRUE
"ask.v.bnc",37268,FALSE
"rule.v.bnc",127192,TRUE
"provide.v.bnc",44814,FALSE
"performance.n.bnc",69259,TRUE
"disc.n.bnc",242484,FALSE
"smell.v.bnc",32140,TRUE
"plan.n.bnc",26054,TRUE
"eat.v.bnc",23484,FALSE
"sort.n.bnc",5374,FALSE
"lose.v.bnc",8363,TRUE
"provide.v.bnc",933,FALSE
"lose.v.bnc",46820,FALSE
"arm.n.bnc",49210,TRUE
"ask.v.bnc",134,FALSE
"hot.a.bnc",37453,TRUE
"ask.v.bnc",2579,FALSE
"expect.v.bnc",68938,FALSE
"audience.n.bnc",95528,TRUE
"degree.n.bnc",69591,FALSE
"party.n.bnc",81730,FALSE
"suspend.v.bnc",107050,TRUE
"encounter.v.bnc",490577,TRUE
"watch.v.bnc",74771,TRUE
"performance.n.bnc",56303,FALSE
"audience.n.bnc",56696,TRUE
"expect.v.bnc",94,TRUE
"suspend.v.bnc",227885,FALSE
"receive.v.bnc",46614,FALSE
"arm.n.bnc",57212,TRUE
"win.v.bnc",50973,TRUE
"miss.v.bnc",48768,TRUE
"shelter.n.bnc",188194,FALSE
"express.v.bnc",1575,TRUE
"bank.n.bnc",110337,TRUE
"image.n.bnc",68547,TRUE
"organization.n.bnc",259000,TRUE
"paper.n.bnc",72395,FALSE
"appear.v.bnc",3351,TRUE
"suspend.v.bnc",412165,FALSE
"organization.n.bnc",163209,TRUE
"difficulty.n.bnc",25400,FALSE
"add.v.bnc",60480,TRUE
"win.v.bnc",6252,FALSE
"encounter.v.bnc",120976,TRUE
"sort.n.bnc",3906,TRUE
"expect.v.bnc",36511,TRUE
"paper.n.bnc",50994,TRUE
"simple.a.bnc",18500,TRUE
"begin.v.bnc",44427,TRUE
"smell.v.bnc",592988,FALSE
"shelter.n.bnc",388155,TRUE
"appear.v.bnc",60384,TRUE
"difference.n.bnc",54130,FALSE
"sort.n.bnc",27177,FALSE
"bank.n.bnc",97124,FALSE
"encounter.v.bnc",297188,TRUE
"climb.v.bnc",165114,TRUE
"play.v.bnc",3666,TRUE
"eat.v.bnc",93358,TRUE
"ask.v.bnc",14474,FALSE
"begin.v.bnc",9746,TRUE
"produce.v.bnc",9525,TRUE
"appear.v.bnc",9163,FALSE
"image.n.bnc",2922,TRUE
"appear.v.bnc",65966,TRUE
"arm.n.bnc",36128,TRUE
"note.v.bnc",8894,TRUE
"performance.n.bnc",5892,TRUE
"argument.n.bnc",66601,TRUE
"hear.v.bnc",20403,TRUE
"image.n.bnc",120513,TRUE
"difference.n.bnc",11145,TRUE
"talk.v.bnc",42729,TRUE
"produce.v.bnc",58459,TRUE
"paper.n.bnc",107025,TRUE
"expect.v.bnc",41489,FALSE
"note.v.bnc",119716,TRUE
"decide.v.bnc",43538,TRUE
"plan.n.bnc",54962,TRUE
"remain.v.bnc",10997,TRUE
"talk.v.bnc",96502,FALSE
"atmosphere.n.bnc",22085,FALSE
"suspend.v.bnc",238209,FALSE
"appear.v.bnc",62399,TRUE
"atmosphere.n.bnc",179198,TRUE
"interest.n.bnc",29742,FALSE
"party.n.bnc",74232,TRUE
"paper.n.bnc",100497,FALSE
"difference.n.bnc",13955,TRUE
"interest.n.bnc",57855,TRUE
"miss.v.bnc",119341,TRUE
"win.v.bnc",74746,TRUE
"bank.n.bnc",80157,TRUE
"suspend.v.bnc",457791,FALSE
"play.v.bnc",29895,TRUE
"performance.n.bnc",87343,FALSE
"bank.n.bnc",124727,TRUE
"party.n.bnc",15958,TRUE
"image.n.bnc",2922,TRUE
"sort.n.bnc",5535,FALSE
"smell.v.bnc",27848,TRUE
"begin.v.bnc",34915,TRUE
"sort.n.bnc",39554,TRUE
"mean.v.bnc",16989,TRUE
"difference.n.bnc",127222,TRUE
"important.a.bnc",28851,FALSE
"organization.n.bnc",129014,FALSE
"plan.n.bnc",13231,TRUE
"party.n.bnc",60667,FALSE
"eat.v.bnc",24793,FALSE
"begin.v.bnc",32928,TRUE
"mean.v.bnc",4736,TRUE
"audience.n.bnc",82353,TRUE
"party.n.bnc",72610,TRUE
"disc.n.bnc",474115,TRUE
"plan.n.bnc",28989,FALSE
"eat.v.bnc",31796,TRUE
"arm.n.bnc",109927,TRUE
"argument.n.bnc",119847,FALSE
"talk.v.bnc",32569,TRUE
"encounter.v.bnc",167540,FALSE
"shelter.n.bnc",335370,TRUE
"organization.n.bnc",129235,TRUE
"disc.n.bnc",50292,TRUE
"important.a.bnc",7196,TRUE
"ask.v.bnc",16000,FALSE
"disc.n.bnc",895296,FALSE
"note.v.bnc",8894,TRUE
"eat.v.bnc",46761,FALSE
"encounter.v.bnc",675876,TRUE
"decide.v.bnc",57919,TRUE
"appear.v.bnc",3366,TRUE
"mean.v.bnc",3848,TRUE
"climb.v.bnc",304973,TRUE
"expect.v.bnc",4079,FALSE
"image.n.bnc",66801,TRUE
"suspend.v.bnc",1710,TRUE
"talk.v.bnc",19483,FALSE
"encounter.v.bnc",58334,TRUE
"activate.v.bnc",630111,FALSE
"party.n.bnc",83207,TRUE
"wash.v.bnc",175397,TRUE
"argument.n.bnc",136756,TRUE
"party.n.bnc",72788,FALSE
"sort.n.bnc",5535,TRUE
"play.v.bnc",42789,TRUE
"audience.n.bnc",100553,TRUE
"encounter.v.bnc",58334,TRUE
"party.n.bnc",74157,TRUE
"degree.n.bnc",127336,TRUE
"remain.v.bnc",23503,FALSE
"performance.n.bnc",100131,TRUE
"audience.n.bnc",91307,FALSE
"audience.n.bnc",57557,FALSE
"climb.v.bnc",130149,TRUE
"remain.v.bnc",30355,TRUE
"hear.v.bnc",17636,TRUE
"miss.v.bnc",75035,TRUE
"image.n.bnc",3870,TRUE
"image.n.bnc",10130,TRUE
"party.n.bnc",56112,FALSE
"paper.n.bnc",109289,TRUE
"organization.n.bnc",163265,TRUE
"encounter.v.bnc",489035,TRUE
"shelter.n.bnc",648547,FALSE
"audience.n.bnc",56346,TRUE
"begin.v.bnc",34907,TRUE
"bank.n.bnc",161228,TRUE
"disc.n.bnc",61935,FALSE
"play.v.bnc",7317,FALSE
"atmosphere.n.bnc",38488,TRUE
"source.n.bnc",17135,FALSE
"activate.v.bnc",2012206,TRUE
"watch.v.bnc",55803,TRUE
"add.v.bnc",77920,TRUE
"appear.v.bnc",64711,TRUE
"use.v.bnc",2473,TRUE
"disc.n.bnc",18297,TRUE
"watch.v.bnc",21408,TRUE
"win.v.bnc",22834,TRUE
"performance.n.bnc",57445,FALSE
"add.v.bnc",48137,TRUE
"audience.n.bnc",90815,TRUE
"disc.n.bnc",795088,TRUE
"difficulty.n.bnc",69115,TRUE
"party.n.bnc",79619,TRUE
"bank.n.bnc",57997,TRUE
"activate.v.bnc",1850569,FALSE
"atmosphere.n.bnc",13101,TRUE
"judgment.n.bnc",109960,TRUE
"watch.v.bnc",21409,TRUE
"different.a.bnc",50521,TRUE
"hear.v.bnc",36928,TRUE
"produce.v.bnc",18413,TRUE
"difference.n.bnc",114463,TRUE
"add.v.bnc",81742,FALSE
"argument.n.bnc",137821,TRUE
"treat.v.bnc",122120,FALSE
"bank.n.bnc",162815,FALSE
"smell.v.bnc",342281,TRUE
"express.v.bnc",116343,TRUE
"performance.n.bnc",62154,FALSE
"difficulty.n.bnc",44214,TRUE
"lose.v.bnc",13085,FALSE
"arm.n.bnc",65313,FALSE
"write.v.bnc",1699,TRUE
"sort.n.bnc",22060,TRUE
"talk.v.bnc",96502,TRUE
"produce.v.bnc",5519,TRUE
"party.n.bnc",73227,TRUE
"treat.v.bnc",128126,TRUE
"audience.n.bnc",55836,TRUE
"lose.v.bnc",38790,FALSE
"sort.n.bnc",58741,FALSE
"begin.v.bnc",38507,TRUE
"shelter.n.bnc",814489,FALSE
"climb.v.bnc",185969,TRUE
"play.v.bnc",7410,TRUE
"smell.v.bnc",282241,TRUE
"bank.n.bnc",162459,TRUE
"difficulty.n.bnc",69279,TRUE
"express.v.bnc",106557,TRUE
"argument.n.bnc",137479,TRUE
"arm.n.bnc",116261,FALSE
"degree.n.bnc",6003,TRUE
"party.n.bnc",8096,TRUE
"degree.n.bnc",7087,TRUE
"add.v.bnc",50170,FALSE
"lose.v.bnc",39185,TRUE
"climb.v.bnc",153437,TRUE
"interest.n.bnc",36372,TRUE
"source.n.bnc",31790,TRUE
"image.n.bnc",70721,FALSE
"audience.n.bnc",126531,FALSE
"treat.v.bnc",121708,FALSE
"interest.n.bnc",3232,TRUE
"arm.n.bnc",51237,TRUE
"appear.v.bnc",56992,TRUE
"eat.v.bnc",93059,TRUE
"hear.v.bnc",15273,FALSE
"ask.v.bnc",37268,TRUE
"lose.v.bnc",64341,TRUE
"performance.n.bnc",5254,TRUE
"argument.n.bnc",87652,FALSE
"treat.v.bnc",75937,FALSE
"interest.n.bnc",80139,FALSE
"interest.n.bnc",12640,TRUE
"bank.n.bnc",156360,FALSE
"disc.n.bnc",51367,TRUE
"paper.n.bnc",67903,TRUE
"paper.n.bnc",36574,TRUE
"miss.v.bnc",101497,TRUE
"talk.v.bnc",72931,TRUE
"climb.v.bnc",59420,TRUE
"arm.n.bnc",48786,FALSE
"difference.n.bnc",123722,TRUE
"activate.v.bnc",1967270,FALSE
"party.n.bnc",81657,TRUE
"party.n.bnc",67947,TRUE
"remain.v.bnc",28364,TRUE
"climb.v.bnc",24995,TRUE
"shelter.n.bnc",383271,FALSE
"different.a.bnc",2439,TRUE
"solid.a.bnc",94785,FALSE
"disc.n.bnc",221373,FALSE
"shelter.n.bnc",791250,TRUE
"performance.n.bnc",7374,TRUE
"receive.v.bnc",62420,FALSE
"paper.n.bnc",10131,FALSE
"different.a.bnc",20036,TRUE
"plan.n.bnc",59154,FALSE
"arm.n.bnc",15404,TRUE
"different.a.bnc",4198,FALSE
"interest.n.bnc",3562,FALSE
"different.a.bnc",50521,TRUE
"argument.n.bnc",60153,TRUE
"arm.n.bnc",56941,TRUE
"appear.v.bnc",54207,FALSE
"rule.v.bnc",88502,FALSE
"plan.n.bnc",2489,TRUE
"sort.n.bnc",42590,TRUE
"operate.v.bnc",47591,FALSE
"plan.n.bnc",13369,TRUE
"party.n.bnc",71894,TRUE
"ask.v.bnc",16201,TRUE
"expect.v.bnc",74590,TRUE
"ask.v.bnc",5874,FALSE
"simple.a.bnc",5174,FALSE
"disc.n.bnc",677530,FALSE
"produce.v.bnc",35316,TRUE
"ask.v.bnc",15252,TRUE
"provide.v.bnc",14026,TRUE
"play.v.bnc",47784,TRUE
"mean.v.bnc",5835,TRUE
"talk.v.bnc",77241,TRUE
"sort.n.bnc",65313,TRUE
"win.v.bnc",74746,FALSE
"encounter.v.bnc",517749,TRUE
"suspend.v.bnc",250468,FALSE
"arm.n.bnc",46710,TRUE
"party.n.bnc",74238,FALSE
"different.a.bnc",44391,TRUE
"image.n.bnc",66871,TRUE
"paper.n.bnc",69202,TRUE
"ask.v.bnc",36032,TRUE
"paper.n.bnc",120217,TRUE
"arm.n.bnc",48615,TRUE
"degree.n.bnc",56146,TRUE
"note.v.bnc",57381,TRUE
"performance.n.bnc",99656,TRUE
"sort.n.bnc",5176,FALSE
"hot.a.bnc",94763,TRUE
"paper.n.bnc",11687,TRUE
"party.n.bnc",59014,TRUE
"hot.a.bnc",123795,TRUE
"bank.n.bnc",78203,TRUE
"watch.v.bnc",56883,FALSE
"treat.v.bnc",116177,TRUE
"ask.v.bnc",22856,TRUE
"arm.n.bnc",79610,TRUE
"talk.v.bnc",78044,TRUE
"audience.n.bnc",5722,TRUE
"plan.n.bnc",37102,TRUE
"interest.n.bnc",53474,TRUE
"bank.n.bnc",79586,FALSE
"paper.n.bnc",53792,TRUE
"shelter.n.bnc",321855,FALSE
"degree.n.bnc",140129,TRUE
"plan.n.bnc",81933,TRUE
"ask.v.bnc",19726,FALSE
"arm.n.bnc",72881,TRUE
"note.v.bnc",136898,TRUE
"arm.n.bnc",1857,FALSE
"appear.v.bnc",15828,FALSE
"climb.v.bnc",57004,TRUE
"appear.v.bnc",45981,TRUE
"plan.n.bnc",78734,TRUE
"audience.n.bnc",41473,TRUE
"arm.n.bnc",31709,TRUE
"audience.n.bnc",90815,FALSE
"eat.v.bnc",31892,TRUE
"atmosphere.n.bnc",104458,TRUE
"degree.n.bnc",230210,TRUE
"paper.n.bnc",36877,TRUE
"ask.v.bnc",27372,TRUE
"note.v.bnc",60949,TRUE
"play.v.bnc",39251,TRUE
"performance.n.bnc",78952,FALSE
"ask.v.bnc",36032,TRUE
"interest.n.bnc",68925,TRUE
"performance.n.bnc",56794,TRUE
"organization.n.bnc",342115,TRUE
"decide.v.bnc",72666,TRUE
"disc.n.bnc",350066,TRUE
"shelter.n.bnc",522904,TRUE
"watch.v.bnc",41148,TRUE
"disc.n.bnc",462251,TRUE
"performance.n.bnc",56691,TRUE
"party.n.bnc",78205,TRUE
"appear.v.bnc",15362,FALSE
"treat.v.bnc",137588,FALSE
"operate.v.bnc",7154,FALSE
"play.v.bnc",13222,FALSE
"produce.v.bnc",34832,TRUE
"degree.n.bnc",178790,FALSE
"image.n.bnc",85539,TRUE
"shelter.n.bnc",398211,FALSE
"atmosphere.n.bnc",13148,FALSE
"activate.v.bnc",709482,FALSE
"produce.v.bnc",50424,TRUE
"interest.n.bnc",73610,TRUE
"decide.v.bnc",46937,TRUE
"provide.v.bnc",29145,TRUE
"audience.n.bnc",18831,TRUE
"source.n.bnc",2713,TRUE
"provide.v.bnc",44882,TRUE
"interest.n.bnc",3382,TRUE
"interest.n.bnc",13958,TRUE
"interest.n.bnc",62254,TRUE
"appear.v.bnc",5242,TRUE
"miss.v.bnc",87483,FALSE
"shelter.n.bnc",705650,FALSE
"begin.v.bnc",9647,TRUE
"add.v.bnc",58537,TRUE
"mean.v.bnc",15213,TRUE
"eat.v.bnc",3908,TRUE
"add.v.bnc",63659,TRUE
"ask.v.bnc",20473,TRUE
"rule.v.bnc",84622,FALSE
"express.v.bnc",29578,TRUE
"image.n.bnc",39354,FALSE
"wash.v.bnc",154812,FALSE
"watch.v.bnc",42890,TRUE
"eat.v.bnc",94050,TRUE
"degree.n.bnc",73659,FALSE
"audience.n.bnc",88452,FALSE
"performance.n.bnc",26730,TRUE
"difference.n.bnc",54515,FALSE
"wash.v.bnc",316555,TRUE
"ask.v.bnc",29394,TRUE
"simple.a.bnc",14148,TRUE
"performance.n.bnc",56952,TRUE
"suspend.v.bnc",243374,TRUE
"add.v.bnc",14126,TRUE
"appear.v.bnc",64434,TRUE
"judgment.n.bnc",423869,FALSE
"disc.n.bnc",611597,FALSE
"party.n.bnc",81636,TRUE
"play.v.bnc",7975,TRUE
"arm.n.bnc",45790,TRUE
"watch.v.bnc",42196,FALSE
"difference.n.bnc",54242,FALSE
"smell.v.bnc",390872,TRUE
"disc.n.bnc",50606,TRUE
"produce.v.bnc",52811,TRUE
"difference.n.bnc",82492,TRUE
"argument.n.bnc",110549,FALSE
"add.v.bnc",14953,TRUE
"appear.v.bnc",9024,TRUE
"remain.v.bnc",14967,FALSE
"audience.n.bnc",56771,FALSE
"decide.v.bnc",15796,TRUE
"source.n.bnc",52446,TRUE
"disc.n.bnc",294519,TRUE
"climb.v.bnc",23000,TRUE
"climb.v.bnc",59970,FALSE
"party.n.bnc",73227,TRUE
"party.n.bnc",63732,TRUE
"difference.n.bnc",44069,FALSE
"climb.v.bnc",160216,TRUE
"different.a.bnc",6746,TRUE
"argument.n.bnc",94112,TRUE
"miss.v.bnc",43784,TRUE
"activate.v.bnc",1876754,TRUE
"arm.n.bnc",65391,TRUE
"argument.n.bnc",29218,TRUE
"activate.v.bnc",617820,TRUE
"image.n.bnc",3870,TRUE
"add.v.bnc",55767,TRUE
"difference.n.bnc",81189,FALSE
"paper.n.bnc",78782,FALSE
"different.a.bnc",50367,FALSE
"difference.n.bnc",56146,TRUE
"performance.n.bnc",95777,FALSE
"interest.n.bnc",81120,TRUE
"express.v.bnc",68448,TRUE
"watch.v.bnc",46046,TRUE
"bank.n.bnc",166283,TRUE
"bank.n.bnc",80266,TRUE
"atmosphere.n.bnc",198485,TRUE
"party.n.bnc",77800,FALSE
"difference.n.bnc",82483,TRUE
"bank.n.bnc",104991,TRUE
"bank.n.bnc",97138,FALSE
"shelter.n.bnc",365793,TRUE
"remain.v.bnc",57077,FALSE
"eat.v.bnc",28446,TRUE
"argument.n.bnc",43752,TRUE
"arm.n.bnc",50973,TRUE
"argument.n.bnc",8957,TRUE
"organization.n.bnc",9066,TRUE
"treat.v.bnc",124384,TRUE
"different.a.bnc",6746,TRUE
"appear.v.bnc",17320,TRUE
"atmosphere.n.bnc",169122,TRUE
"eat.v.bnc",31546,FALSE
"wash.v.bnc",154727,TRUE
"hot.a.bnc",6786,FALSE
"atmosphere.n.bnc",101019,TRUE
"bank.n.bnc",119198,TRUE
"degree.n.bnc",180326,TRUE
"degree.n.bnc",109003,FALSE
"interest.n.bnc",75762,TRUE
"argument.n.bnc",135892,TRUE
"arm.n.bnc",49269,TRUE
"sort.n.bnc",79424,FALSE
"arm.n.bnc",5894,TRUE
"image.n.bnc",39142,TRUE
"receive.v.bnc",52886,TRUE
"note.v.bnc",163791,TRUE
"activate.v.bnc",2012898,TRUE
"disc.n.bnc",462389,TRUE
"produce.v.bnc",49784,TRUE
"ask.v.bnc",19700,TRUE
"eat.v.bnc",101694,TRUE
"produce.v.bnc",34745,TRUE
"disc.n.bnc",916277,TRUE
"sort.n.bnc",21327,TRUE
"audience.n.bnc",18613,TRUE
"audience.n.bnc",56359,TRUE
"ask.v.bnc",35911,TRUE
"arm.n.bnc",82098,FALSE
"image.n.bnc",66759,FALSE
"organization.n.bnc",368,FALSE
"add.v.bnc",4995,TRUE
"climb.v.bnc",60756,TRUE
"expect.v.bnc",5675,TRUE
"performance.n.bnc",87367,TRUE
"expect.v.bnc",34555,TRUE
"hot.a.bnc",27280,TRUE
"appear.v.bnc",8142,FALSE
"produce.v.bnc",18661,TRUE
"produce.v.bnc",29885,FALSE
"plan.n.bnc",85486,TRUE
"difference.n.bnc",126770,TRUE
"produce.v.bnc",5331,FALSE
"bank.n.bnc",97133,TRUE
"argument.n.bnc",105317,TRUE
"ask.v.bnc",12148,TRUE
"smell.v.bnc",18122,TRUE
"begin.v.bnc",159,TRUE
"bank.n.bnc",103259,TRUE
"atmosphere.n.bnc",232626,TRUE
"party.n.bnc",73500,TRUE
"degree.n.bnc",76462,FALSE
"plan.n.bnc",10232,FALSE
"audience.n.bnc",8045,FALSE
"atmosphere.n.bnc",205933,TRUE
"decide.v.bnc",2219,FALSE
"bank.n.bnc",41729,FALSE
"appear.v.bnc",4902,FALSE
"arm.n.bnc",36750,TRUE
"interest.n.bnc",15872,TRUE
"plan.n.bnc",66029,TRUE
"arm.n.bnc",32360,FALSE
"begin.v.bnc",12372,TRUE
"talk.v.bnc",77020,FALSE
"sort.n.bnc",48137,TRUE
"performance.n.bnc",68015,FALSE
"organization.n.bnc",259139,TRUE
"wash.v.bnc",328124,TRUE
"interest.n.bnc",13412,TRUE
"audience.n.bnc",126481,TRUE
"lose.v.bnc",26740,TRUE
"ask.v.bnc",20609,TRUE
"disc.n.bnc",49463,FALSE
"suspend.v.bnc",90892,TRUE
"interest.n.bnc",7189,TRUE
"win.v.bnc",74848,TRUE
"degree.n.bnc",67525,FALSE
"wash.v.bnc",27899,FALSE
"argument.n.bnc",88332,TRUE
"difference.n.bnc",71462,TRUE
"provide.v.bnc",27070,TRUE
"audience.n.bnc",83205,FALSE
"suspend.v.bnc",9788,TRUE
"degree.n.bnc",123059,FALSE
"sort.n.bnc",15365,TRUE
"judgment.n.bnc",114364,TRUE
"degree.n.bnc",29761,FALSE
"arm.n.bnc",87757,FALSE
"audience.n.bnc",91307,TRUE
"provide.v.bnc",28812,FALSE
"performance.n.bnc",75357,TRUE
"smell.v.bnc",627022,TRUE
"talk.v.bnc",32179,TRUE
"produce.v.bnc",29308,FALSE
"source.n.bnc",9889,FALSE
"add.v.bnc",23430,TRUE
"operate.v.bnc",12917,TRUE
"eat.v.bnc",82157,FALSE
"treat.v.bnc",62448,TRUE
"hot.a.bnc",18289,TRUE
"note.v.bnc",188614,FALSE
"lose.v.bnc",44106,FALSE
"provide.v.bnc",29147,FALSE
"sort.n.bnc",3715,TRUE
"organization.n.bnc",128694,TRUE
"shelter.n.bnc",284238,TRUE
"disc.n.bnc",277988,TRUE
"smell.v.bnc",209197,TRUE
"difference.n.bnc",94532,TRUE
"sort.n.bnc",10002,TRUE
"produce.v.bnc",55006,TRUE
"degree.n.bnc",54852,TRUE
"begin.v.bnc",18483,TRUE
"ask.v.bnc",35911,FALSE
"solid.a.bnc",105366,FALSE
"appear.v.bnc",59359,FALSE
"add.v.bnc",18185,FALSE
"appear.v.bnc",36455,TRUE
"argument.n.bnc",38831,TRUE
"eat.v.bnc",146298,TRUE
"argument.n.bnc",117778,TRUE
"image.n.bnc",66828,TRUE
"difference.n.bnc",123008,TRUE
"sort.n.bnc",38673,TRUE
"operate.v.bnc",14032,TRUE
"appear.v.bnc",58754,TRUE
"audience.n.bnc",55836,TRUE
"produce.v.bnc",13255,TRUE
"different.a.bnc",4643,TRUE
"provide.v.bnc",27681,TRUE
"watch.v.bnc",56883,FALSE
"arm.n.bnc",49576,FALSE
"decide.v.bnc",47133,TRUE
"performance.n.bnc",80824,TRUE
"encounter.v.bnc",660002,FALSE
"sort.n.bnc",79903,FALSE
"disc.n.bnc",895497,TRUE
"provide.v.bnc",35469,TRUE
"bank.n.bnc",97399,FALSE
"atmosphere.n.bnc",205707,FALSE
"judgment.n.bnc",446289,TRUE
"talk.v.bnc",91052,FALSE
"solid.a.bnc",15445,TRUE
"eat.v.bnc",1801,TRUE
"bank.n.bnc",104629,TRUE
"sort.n.bnc",21306,TRUE
"plan.n.bnc",78594,FALSE
"audience.n.bnc",5653,FALSE
"lose.v.bnc",76947,TRUE
"image.n.bnc",55339,TRUE
"smell.v.bnc",291738,FALSE
"degree.n.bnc",62038,FALSE
"sort.n.bnc",58739,TRUE
"decide.v.bnc",26994,TRUE
"expect.v.bnc",35535,TRUE
"sort.n.bnc",70583,TRUE
"performance.n.bnc",86706,TRUE
"add.v.bnc",79408,TRUE
"disc.n.bnc",462246,TRUE
"arm.n.bnc",42653,TRUE
"different.a.bnc",475,TRUE
"remain.v.bnc",9832,TRUE
"important.a.bnc",3609,TRUE
"play.v.bnc",7312,FALSE
"hear.v.bnc",37181,FALSE
"bank.n.bnc",97854,TRUE
"win.v.bnc",63454,FALSE
"add.v.bnc",55767,FALSE
"encounter.v.bnc",701206,FALSE
"plan.n.bnc",13373,TRUE
"expect.v.bnc",29592,TRUE
"paper.n.bnc",92401,FALSE
"ask.v.bnc",20558,TRUE
"bank.n.bnc",162812,TRUE
"plan.n.bnc",9626,FALSE
"appear.v.bnc",8956,TRUE
"performance.n.bnc",67439,TRUE
"treat.v.bnc",128126,TRUE
"climb.v.bnc",21853,TRUE
"treat.v.bnc",122122,TRUE
"note.v.bnc",8338,TRUE
"receive.v.bnc",52545,TRUE
"atmosphere.n.bnc",157294,TRUE
"produce.v.bnc",51059,FALSE
"interest.n.bnc",18293,FALSE
"arm.n.bnc",77728,TRUE
"bank.n.bnc",107846,FALSE
"watch.v.bnc",16923,TRUE
"rule.v.bnc",73292,TRUE
"party.n.bnc",81621,TRUE
"treat.v.bnc",140538,TRUE
"difference.n.bnc",43716,TRUE
"expect.v.bnc",72830,FALSE
"climb.v.bnc",165115,TRUE
"watch.v.bnc",35982,TRUE
"difference.n.bnc",52611,TRUE
"ask.v.bnc",2236,TRUE
"image.n.bnc",10481,FALSE
"arm.n.bnc",49579,TRUE
"judgment.n.bnc",443702,TRUE
"talk.v.bnc",81060,TRUE
"add.v.bnc",14608,TRUE
"rule.v.bnc",77712,FALSE
"climb.v.bnc",24995,TRUE
"organization.n.bnc",29491,TRUE
"argument.n.bnc",88308,TRUE
"atmosphere.n.bnc",102661,TRUE
"activate.v.bnc",2011552,FALSE
"treat.v.bnc",4072,TRUE
"ask.v.bnc",19388,FALSE
"disc.n.bnc",115505,TRUE
"paper.n.bnc",96163,TRUE
"bank.n.bnc",118926,TRUE
"bank.n.bnc",145332,TRUE
"encounter.v.bnc",757693,TRUE
"audience.n.bnc",90798,TRUE
"climb.v.bnc",292735,TRUE
"hear.v.bnc",13924,TRUE
"source.n.bnc",29703,FALSE
"solid.a.bnc",61512,TRUE
"source.n.bnc",1907,FALSE
"expect.v.bnc",36918,FALSE
"judgment.n.bnc",448445,TRUE
"express.v.bnc",142569,TRUE
"ask.v.bnc",17909,TRUE
"shelter.n.bnc",847049,FALSE
"degree.n.bnc",97460,TRUE
"organization.n.bnc",343385,FALSE
"bank.n.bnc",97123,FALSE
"use.v.bnc",2261,TRUE
"plan.n.bnc",86036,FALSE
"shelter.n.bnc",389948,TRUE
"express.v.bnc",117468,TRUE
"appear.v.bnc",57497,TRUE
"encounter.v.bnc",579940,FALSE
"begin.v.bnc",9577,TRUE
"shelter.n.bnc",758984,FALSE
"activate.v.bnc",1276219,TRUE
"difference.n.bnc",44924,FALSE
"lose.v.bnc",20518,TRUE
"judgment.n.bnc",98647,TRUE
"atmosphere.n.bnc",187713,TRUE
"party.n.bnc",39241,FALSE
"difficulty.n.bnc",49137,FALSE
"suspend.v.bnc",100903,FALSE
"smell.v.bnc",375514,FALSE
"interest.n.bnc",13339,FALSE
"add.v.bnc",44069,TRUE
"operate.v.bnc",27080,TRUE
"watch.v.bnc",45370,TRUE
"remain.v.bnc",2955,TRUE
"judgment.n.bnc",247798,TRUE
"arm.n.bnc",49576,TRUE
"difficulty.n.bnc",3400,FALSE
"audience.n.bnc",132491,TRUE
"difference.n.bnc",44699,TRUE
"performance.n.bnc",8629,TRUE
"expect.v.bnc",72163,TRUE
"solid.a.bnc",136621,TRUE
"begin.v.bnc",11952,TRUE
"party.n.bnc",77791,TRUE
"image.n.bnc",10481,TRUE
"paper.n.bnc",36040,TRUE
"lose.v.bnc",58455,FALSE
"audience.n.bnc",56080,FALSE
"add.v.bnc",7372,TRUE
"difference.n.bnc",5348,TRUE
"activate.v.bnc",1210816,TRUE
"appear.v.bnc",59361,TRUE
"ask.v.bnc",35513,TRUE
"difference.n.bnc",122868,TRUE
"suspend.v.bnc",457783,TRUE
"encounter.v.bnc",365716,TRUE
"mean.v.bnc",8934,TRUE
"argument.n.bnc",68736,TRUE
"shelter.n.bnc",161491,TRUE
"disc.n.bnc",140851,TRUE
"bank.n.bnc",26904,FALSE
"argument.n.bnc",9513,TRUE
"simple.a.bnc",9391,TRUE
"expect.v.bnc",19378,TRUE
"begin.v.bnc",42948,FALSE
"provide.v.bnc",15009,TRUE
"difference.n.bnc",47417,TRUE
"audience.n.bnc",100485,TRUE
"audience.n.bnc",105542,TRUE
"climb.v.bnc",155178,TRUE
"disc.n.bnc",555135,FALSE
"argument.n.bnc",114486,TRUE
"talk.v.bnc",19483,FALSE
"audience.n.bnc",91304,FALSE
"audience.n.bnc",56621,TRUE
"paper.n.bnc",106525,FALSE
"party.n.bnc",8097,TRUE
"treat.v.bnc",74385,FALSE
"shelter.n.bnc",365793,TRUE
"arm.n.bnc",50588,TRUE
"argument.n.bnc",101214,FALSE
"eat.v.bnc",15033,TRUE
"produce.v.bnc",56813,FALSE
"ask.v.bnc",2801,TRUE
"produce.v.bnc",65781,TRUE
"paper.n.bnc",11223,TRUE
"talk.v.bnc",47722,TRUE
"difference.n.bnc",126083,FALSE
"expect.v.bnc",16301,FALSE
"activate.v.bnc",1201521,TRUE
"audience.n.bnc",82642,TRUE
"hot.a.bnc",84327,FALSE
"add.v.bnc",39356,TRUE
"activate.v.bnc",1878690,TRUE
"play.v.bnc",3671,TRUE
"solid.a.bnc",51347,TRUE
"audience.n.bnc",96955,TRUE
"mean.v.bnc",5835,FALSE
"encounter.v.bnc",435388,TRUE
"use.v.bnc",3826,FALSE
"decide.v.bnc",40499,FALSE
"atmosphere.n.bnc",237226,TRUE
"appear.v.bnc",56730,FALSE
"simple.a.bnc",3899,TRUE
"use.v.bnc",3023,TRUE
"express.v.bnc",94060,TRUE
"encounter.v.bnc",296863,TRUE
"audience.n.bnc",121438,TRUE
"argument.n.bnc",136021,FALSE
"paper.n.bnc",96137,TRUE
"performance.n.bnc",61158,TRUE
"provide.v.bnc",4690,TRUE
"miss.v.bnc",95627,TRUE
"audience.n.bnc",104517,TRUE
"lose.v.bnc",26740,TRUE
"different.a.bnc",50712,FALSE
"provide.v.bnc",39482,TRUE
